County,Date,THAW_DEPTH_in,FROST_DEPTH_in,Winter,days_after_Jul_1
StLouis,2001-11-28,,6.0,2001-2002,150
StLouis,2001-11-29,,8.0,2001-2002,151
StLouis,2001-11-30,,10.0,2001-2002,152
StLouis,2001-12-01,,10.0,2001-2002,153
StLouis,2001-12-02,,10.0,2001-2002,154
StLouis,2001-12-03,,10.0,2001-2002,155
StLouis,2001-12-04,,10.0,2001-2002,156
StLouis,2001-12-05,,10.0,2001-2002,157
StLouis,2001-12-06,,10.0,2001-2002,158
StLouis,2001-12-07,,10.0,2001-2002,159
StLouis,2001-12-08,,10.0,2001-2002,160
StLouis,2001-12-09,,12.0,2001-2002,161
StLouis,2001-12-10,,15.0,2001-2002,162
StLouis,2001-12-11,,15.0,2001-2002,163
StLouis,2001-12-12,,15.0,2001-2002,164
StLouis,2001-12-13,,15.0,2001-2002,165
StLouis,2001-12-14,,15.0,2001-2002,166
StLouis,2001-12-15,,18.0,2001-2002,167
StLouis,2001-12-16,,18.0,2001-2002,168
StLouis,2001-12-17,,18.0,2001-2002,169
StLouis,2001-12-18,,18.0,2001-2002,170
StLouis,2001-12-19,,18.0,2001-2002,171
StLouis,2001-12-20,,18.0,2001-2002,172
StLouis,2001-12-21,,18.0,2001-2002,173
StLouis,2001-12-22,,18.0,2001-2002,174
StLouis,2001-12-23,,18.0,2001-2002,175
StLouis,2001-12-24,,24.0,2001-2002,176
StLouis,2001-12-25,,24.0,2001-2002,177
StLouis,2001-12-26,,24.0,2001-2002,178
StLouis,2001-12-27,,24.0,2001-2002,179
StLouis,2001-12-28,,30.0,2001-2002,180
StLouis,2001-12-29,,30.0,2001-2002,181
StLouis,2001-12-30,,30.0,2001-2002,182
StLouis,2001-12-31,,30.0,2001-2002,183
StLouis,2002-01-01,,32.0,2001-2002,184
StLouis,2002-01-02,,34.0,2001-2002,185
StLouis,2002-01-03,,34.0,2001-2002,186
StLouis,2002-01-04,,36.0,2001-2002,187
StLouis,2002-01-05,,38.0,2001-2002,188
StLouis,2002-01-06,,41.0,2001-2002,189
StLouis,2002-01-07,,41.0,2001-2002,190
StLouis,2002-01-08,,44.0,2001-2002,191
StLouis,2002-01-09,,44.0,2001-2002,192
StLouis,2002-01-10,,44.0,2001-2002,193
StLouis,2002-01-11,,44.0,2001-2002,194
StLouis,2002-01-12,,44.0,2001-2002,195
StLouis,2002-01-13,,44.0,2001-2002,196
StLouis,2002-01-14,,44.0,2001-2002,197
StLouis,2002-01-15,,44.0,2001-2002,198
StLouis,2002-01-16,,44.0,2001-2002,199
StLouis,2002-01-17,,44.0,2001-2002,200
StLouis,2002-01-18,,44.0,2001-2002,201
StLouis,2002-01-19,,44.0,2001-2002,202
StLouis,2002-01-20,,46.0,2001-2002,203
StLouis,2002-01-21,,46.0,2001-2002,204
StLouis,2002-01-22,,46.0,2001-2002,205
StLouis,2002-01-23,,48.0,2001-2002,206
StLouis,2002-01-24,,48.0,2001-2002,207
StLouis,2002-01-25,,50.0,2001-2002,208
StLouis,2002-01-26,,50.0,2001-2002,209
StLouis,2002-01-27,,50.0,2001-2002,210
StLouis,2002-01-28,,50.0,2001-2002,211
StLouis,2002-01-29,,50.0,2001-2002,212
StLouis,2002-01-30,,50.0,2001-2002,213
StLouis,2002-01-31,,54.0,2001-2002,214
StLouis,2002-02-01,,54.0,2001-2002,215
StLouis,2002-02-02,,54.0,2001-2002,216
StLouis,2002-02-03,,54.0,2001-2002,217
StLouis,2002-02-04,,56.0,2001-2002,218
StLouis,2002-02-05,,56.0,2001-2002,219
StLouis,2002-02-06,,60.0,2001-2002,220
StLouis,2002-02-07,,60.0,2001-2002,221
StLouis,2002-02-08,,60.0,2001-2002,222
StLouis,2002-02-09,,64.0,2001-2002,223
StLouis,2002-02-10,,64.0,2001-2002,224
StLouis,2002-02-11,,64.0,2001-2002,225
StLouis,2002-02-12,,64.0,2001-2002,226
StLouis,2002-02-13,,64.0,2001-2002,227
StLouis,2002-02-14,,64.0,2001-2002,228
StLouis,2002-02-15,,64.0,2001-2002,229
StLouis,2002-02-16,,64.0,2001-2002,230
StLouis,2002-02-17,,64.0,2001-2002,231
StLouis,2002-02-18,,64.0,2001-2002,232
StLouis,2002-02-19,,64.0,2001-2002,233
StLouis,2002-02-20,,64.0,2001-2002,234
StLouis,2002-02-21,,64.0,2001-2002,235
StLouis,2002-02-22,,64.0,2001-2002,236
StLouis,2002-02-23,,64.0,2001-2002,237
StLouis,2002-02-24,,64.0,2001-2002,238
StLouis,2002-02-25,,64.0,2001-2002,239
StLouis,2002-02-26,,64.0,2001-2002,240
StLouis,2002-02-27,,64.0,2001-2002,241
StLouis,2002-02-28,,60.0,2001-2002,242
StLouis,2002-03-01,,60.0,2001-2002,243
StLouis,2002-03-02,,58.0,2001-2002,244
StLouis,2002-03-03,,58.0,2001-2002,245
StLouis,2002-03-04,,58.0,2001-2002,246
StLouis,2002-03-05,,58.0,2001-2002,247
StLouis,2002-03-06,,58.0,2001-2002,248
StLouis,2002-03-07,,58.0,2001-2002,249
StLouis,2002-03-08,,58.0,2001-2002,250
StLouis,2002-03-09,,60.0,2001-2002,251
StLouis,2002-03-10,,60.0,2001-2002,252
StLouis,2002-03-11,,60.0,2001-2002,253
StLouis,2002-03-12,,60.0,2001-2002,254
StLouis,2002-03-13,6.0,60.0,2001-2002,255
StLouis,2002-03-14,7.0,60.0,2001-2002,256
StLouis,2002-03-15,6.0,60.0,2001-2002,257
StLouis,2002-03-16,8.0,60.0,2001-2002,258
StLouis,2002-03-17,8.0,60.0,2001-2002,259
StLouis,2002-03-18,10.0,60.0,2001-2002,260
StLouis,2002-03-19,16.0,60.0,2001-2002,261
StLouis,2002-03-20,16.0,60.0,2001-2002,262
StLouis,2002-03-21,16.0,60.0,2001-2002,263
StLouis,2002-03-22,16.0,60.0,2001-2002,264
StLouis,2002-03-23,16.0,60.0,2001-2002,265
StLouis,2002-03-24,16.0,60.0,2001-2002,266
StLouis,2002-03-25,16.0,60.0,2001-2002,267
StLouis,2002-03-26,16.0,60.0,2001-2002,268
StLouis,2002-03-27,16.0,60.0,2001-2002,269
StLouis,2002-03-28,16.0,60.0,2001-2002,270
StLouis,2002-03-29,16.0,60.0,2001-2002,271
StLouis,2002-03-30,18.0,60.0,2001-2002,272
StLouis,2002-03-31,21.0,60.0,2001-2002,273
StLouis,2002-04-01,22.0,60.0,2001-2002,274
StLouis,2002-04-02,24.0,60.0,2001-2002,275
StLouis,2002-04-03,28.0,60.0,2001-2002,276
StLouis,2002-04-04,30.0,60.0,2001-2002,277
StLouis,2002-04-05,32.0,60.0,2001-2002,278
StLouis,2002-04-06,34.0,60.0,2001-2002,279
StLouis,2002-04-07,34.0,60.0,2001-2002,280
StLouis,2002-04-08,36.0,60.0,2001-2002,281
StLouis,2002-04-09,38.0,60.0,2001-2002,282
StLouis,2002-04-10,41.0,60.0,2001-2002,283
StLouis,2002-04-11,43.0,60.0,2001-2002,284
StLouis,2002-04-12,43.0,60.0,2001-2002,285
StLouis,2002-04-13,45.0,60.0,2001-2002,286
StLouis,2002-04-14,48.0,60.0,2001-2002,287
StLouis,2002-04-15,50.0,60.0,2001-2002,288
StLouis,2002-04-16,54.0,60.0,2001-2002,289
StLouis,2002-04-17,60.0,60.0,2001-2002,290
StLouis,2002-11-13,,6.0,2002-2003,135
StLouis,2002-11-14,,8.0,2002-2003,136
StLouis,2002-11-15,,10.0,2002-2003,137
StLouis,2002-11-16,,15.0,2002-2003,138
StLouis,2002-11-17,,15.0,2002-2003,139
StLouis,2002-11-18,,15.0,2002-2003,140
StLouis,2002-11-19,,15.0,2002-2003,141
StLouis,2002-11-20,,10.0,2002-2003,142
StLouis,2002-11-21,,10.0,2002-2003,143
StLouis,2002-11-22,,10.0,2002-2003,144
StLouis,2002-11-23,,10.0,2002-2003,145
StLouis,2002-11-24,,10.0,2002-2003,146
StLouis,2002-11-25,,10.0,2002-2003,147
StLouis,2002-11-26,,15.0,2002-2003,148
StLouis,2002-11-27,,18.0,2002-2003,149
StLouis,2002-11-28,,18.0,2002-2003,150
StLouis,2002-11-29,,18.0,2002-2003,151
StLouis,2002-11-30,,18.0,2002-2003,152
StLouis,2002-12-01,,18.0,2002-2003,153
StLouis,2002-12-02,,18.0,2002-2003,154
StLouis,2002-12-03,,18.0,2002-2003,155
StLouis,2002-12-04,,24.0,2002-2003,156
StLouis,2002-12-05,,24.0,2002-2003,157
StLouis,2002-12-06,,24.0,2002-2003,158
StLouis,2002-12-07,,24.0,2002-2003,159
StLouis,2002-12-08,,24.0,2002-2003,160
StLouis,2002-12-09,,24.0,2002-2003,161
StLouis,2002-12-10,,24.0,2002-2003,162
StLouis,2002-12-11,,24.0,2002-2003,163
StLouis,2002-12-12,,24.0,2002-2003,164
StLouis,2002-12-13,,24.0,2002-2003,165
StLouis,2002-12-14,,24.0,2002-2003,166
StLouis,2002-12-15,,24.0,2002-2003,167
StLouis,2002-12-16,,24.0,2002-2003,168
StLouis,2002-12-17,,24.0,2002-2003,169
StLouis,2002-12-18,,24.0,2002-2003,170
StLouis,2002-12-19,,24.0,2002-2003,171
StLouis,2002-12-20,,24.0,2002-2003,172
StLouis,2002-12-21,,24.0,2002-2003,173
StLouis,2002-12-22,,24.0,2002-2003,174
StLouis,2002-12-23,,24.0,2002-2003,175
StLouis,2002-12-24,,24.0,2002-2003,176
StLouis,2002-12-25,,24.0,2002-2003,177
StLouis,2002-12-26,,24.0,2002-2003,178
StLouis,2002-12-27,,24.0,2002-2003,179
StLouis,2002-12-28,,24.0,2002-2003,180
StLouis,2002-12-29,,24.0,2002-2003,181
StLouis,2002-12-30,,24.0,2002-2003,182
StLouis,2002-12-31,,24.0,2002-2003,183
StLouis,2003-01-01,,24.0,2002-2003,184
StLouis,2003-01-02,,24.0,2002-2003,185
StLouis,2003-01-03,,30.0,2002-2003,186
StLouis,2003-01-04,,30.0,2002-2003,187
StLouis,2003-01-05,,30.0,2002-2003,188
StLouis,2003-01-06,,30.0,2002-2003,189
StLouis,2003-01-07,,30.0,2002-2003,190
StLouis,2003-01-08,,30.0,2002-2003,191
StLouis,2003-01-09,,30.0,2002-2003,192
StLouis,2003-01-11,,30.0,2002-2003,194
StLouis,2003-01-12,,30.0,2002-2003,195
StLouis,2003-01-13,,30.0,2002-2003,196
StLouis,2003-01-14,,36.0,2002-2003,197
StLouis,2003-01-15,,42.0,2002-2003,198
StLouis,2003-01-16,,42.0,2002-2003,199
StLouis,2003-01-17,,42.0,2002-2003,200
StLouis,2003-01-18,,48.0,2002-2003,201
StLouis,2003-01-19,,48.0,2002-2003,202
StLouis,2003-01-20,,48.0,2002-2003,203
StLouis,2003-01-21,,48.0,2002-2003,204
StLouis,2003-01-22,,48.0,2002-2003,205
StLouis,2003-01-23,,48.0,2002-2003,206
StLouis,2003-01-24,,48.0,2002-2003,207
StLouis,2003-01-25,,48.0,2002-2003,208
StLouis,2003-01-26,,48.0,2002-2003,209
StLouis,2003-01-27,,48.0,2002-2003,210
StLouis,2003-01-28,,60.0,2002-2003,211
StLouis,2003-01-29,,60.0,2002-2003,212
StLouis,2003-01-30,,60.0,2002-2003,213
StLouis,2003-01-31,,60.0,2002-2003,214
StLouis,2003-02-01,,60.0,2002-2003,215
StLouis,2003-02-02,,60.0,2002-2003,216
StLouis,2003-02-03,,60.0,2002-2003,217
StLouis,2003-02-04,,60.0,2002-2003,218
StLouis,2003-02-05,,60.0,2002-2003,219
StLouis,2003-02-06,,60.0,2002-2003,220
StLouis,2003-02-07,,60.0,2002-2003,221
StLouis,2003-02-08,,60.0,2002-2003,222
StLouis,2003-02-09,,60.0,2002-2003,223
StLouis,2003-02-10,,60.0,2002-2003,224
StLouis,2003-02-11,,60.0,2002-2003,225
StLouis,2003-02-12,,60.0,2002-2003,226
StLouis,2003-02-13,,60.0,2002-2003,227
StLouis,2003-02-14,,60.0,2002-2003,228
StLouis,2003-02-15,,60.0,2002-2003,229
StLouis,2003-02-16,,60.0,2002-2003,230
StLouis,2003-02-17,,60.0,2002-2003,231
StLouis,2003-02-18,,60.0,2002-2003,232
StLouis,2003-02-19,,60.0,2002-2003,233
StLouis,2003-02-20,,60.0,2002-2003,234
StLouis,2003-02-21,,60.0,2002-2003,235
StLouis,2003-02-22,,60.0,2002-2003,236
StLouis,2003-02-23,,60.0,2002-2003,237
StLouis,2003-02-24,,60.0,2002-2003,238
StLouis,2003-02-25,,60.0,2002-2003,239
StLouis,2003-02-26,,60.0,2002-2003,240
StLouis,2003-02-27,,60.0,2002-2003,241
StLouis,2003-02-28,,60.0,2002-2003,242
StLouis,2003-03-01,,60.0,2002-2003,243
StLouis,2003-03-02,,60.0,2002-2003,244
StLouis,2003-03-03,,60.0,2002-2003,245
StLouis,2003-03-04,,60.0,2002-2003,246
StLouis,2003-03-05,,60.0,2002-2003,247
StLouis,2003-03-06,,60.0,2002-2003,248
StLouis,2003-03-07,,60.0,2002-2003,249
StLouis,2003-03-08,,60.0,2002-2003,250
StLouis,2003-03-09,,60.0,2002-2003,251
StLouis,2003-03-10,,60.0,2002-2003,252
StLouis,2003-03-11,,60.0,2002-2003,253
StLouis,2003-03-12,,60.0,2002-2003,254
StLouis,2003-03-13,,60.0,2002-2003,255
StLouis,2003-03-14,6.0,60.0,2002-2003,256
StLouis,2003-03-15,10.0,60.0,2002-2003,257
StLouis,2003-03-16,10.0,60.0,2002-2003,258
StLouis,2003-03-17,12.0,60.0,2002-2003,259
StLouis,2003-03-18,15.0,60.0,2002-2003,260
StLouis,2003-03-19,18.0,60.0,2002-2003,261
StLouis,2003-03-20,18.0,60.0,2002-2003,262
StLouis,2003-03-21,18.0,60.0,2002-2003,263
StLouis,2003-03-22,24.0,60.0,2002-2003,264
StLouis,2003-03-23,24.0,60.0,2002-2003,265
StLouis,2003-03-24,24.0,60.0,2002-2003,266
StLouis,2003-03-25,24.0,60.0,2002-2003,267
StLouis,2003-03-26,24.0,60.0,2002-2003,268
StLouis,2003-03-27,24.0,60.0,2002-2003,269
StLouis,2003-03-28,24.0,60.0,2002-2003,270
StLouis,2003-03-29,24.0,60.0,2002-2003,271
StLouis,2003-03-30,24.0,60.0,2002-2003,272
StLouis,2003-03-31,24.0,60.0,2002-2003,273
StLouis,2003-04-01,24.0,60.0,2002-2003,274
StLouis,2003-04-02,30.0,60.0,2002-2003,275
StLouis,2003-04-03,30.0,60.0,2002-2003,276
StLouis,2003-04-04,30.0,60.0,2002-2003,277
StLouis,2003-04-05,30.0,60.0,2002-2003,278
StLouis,2003-04-06,30.0,60.0,2002-2003,279
StLouis,2003-04-07,30.0,60.0,2002-2003,280
StLouis,2003-04-08,30.0,60.0,2002-2003,281
StLouis,2003-04-09,30.0,60.0,2002-2003,282
StLouis,2003-04-10,30.0,60.0,2002-2003,283
StLouis,2003-04-11,36.0,60.0,2002-2003,284
StLouis,2003-04-12,42.0,60.0,2002-2003,285
StLouis,2003-04-13,48.0,60.0,2002-2003,286
StLouis,2003-04-14,48.0,60.0,2002-2003,287
StLouis,2003-04-15,48.0,60.0,2002-2003,288
StLouis,2003-04-16,48.0,60.0,2002-2003,289
StLouis,2003-04-17,48.0,60.0,2002-2003,290
StLouis,2003-04-18,48.0,60.0,2002-2003,291
StLouis,2003-04-19,60.0,60.0,2002-2003,292
StLouis,2003-11-06,,6.0,2003-2004,128
StLouis,2003-11-07,,10.0,2003-2004,129
StLouis,2003-11-08,,10.0,2003-2004,130
StLouis,2003-11-09,,10.0,2003-2004,131
StLouis,2003-11-10,6.0,10.0,2003-2004,132
StLouis,2003-11-11,10.0,10.0,2003-2004,133
StLouis,2003-11-13,,6.0,2003-2004,135
StLouis,2003-11-14,6.0,8.0,2003-2004,136
StLouis,2003-11-15,8.0,8.0,2003-2004,137
StLouis,2003-11-22,,6.0,2003-2004,144
StLouis,2003-11-23,,6.0,2003-2004,145
StLouis,2003-11-24,,10.0,2003-2004,146
StLouis,2003-11-25,,12.0,2003-2004,147
StLouis,2003-11-26,,12.0,2003-2004,148
StLouis,2003-11-27,,12.0,2003-2004,149
StLouis,2003-11-28,,12.0,2003-2004,150
StLouis,2003-11-29,,12.0,2003-2004,151
StLouis,2003-11-30,,12.0,2003-2004,152
StLouis,2003-12-01,,15.0,2003-2004,153
StLouis,2003-12-02,,18.0,2003-2004,154
StLouis,2003-12-03,,18.0,2003-2004,155
StLouis,2003-12-04,,18.0,2003-2004,156
StLouis,2003-12-05,,18.0,2003-2004,157
StLouis,2003-12-06,,18.0,2003-2004,158
StLouis,2003-12-07,,18.0,2003-2004,159
StLouis,2003-12-08,,18.0,2003-2004,160
StLouis,2003-12-09,,18.0,2003-2004,161
StLouis,2003-12-10,,18.0,2003-2004,162
StLouis,2003-12-11,,18.0,2003-2004,163
StLouis,2003-12-12,,24.0,2003-2004,164
StLouis,2003-12-13,,30.0,2003-2004,165
StLouis,2003-12-14,,30.0,2003-2004,166
StLouis,2003-12-15,,30.0,2003-2004,167
StLouis,2003-12-16,,30.0,2003-2004,168
StLouis,2003-12-17,,30.0,2003-2004,169
StLouis,2003-12-18,,30.0,2003-2004,170
StLouis,2003-12-19,,30.0,2003-2004,171
StLouis,2003-12-20,,30.0,2003-2004,172
StLouis,2003-12-21,,30.0,2003-2004,173
StLouis,2003-12-22,,30.0,2003-2004,174
StLouis,2003-12-23,,30.0,2003-2004,175
StLouis,2003-12-24,,30.0,2003-2004,176
StLouis,2003-12-25,,30.0,2003-2004,177
StLouis,2003-12-26,,30.0,2003-2004,178
StLouis,2003-12-27,,30.0,2003-2004,179
StLouis,2003-12-28,,30.0,2003-2004,180
StLouis,2003-12-29,,30.0,2003-2004,181
StLouis,2003-12-30,,30.0,2003-2004,182
StLouis,2003-12-31,,30.0,2003-2004,183
StLouis,2004-01-01,,30.0,2003-2004,184
StLouis,2004-01-02,,30.0,2003-2004,185
StLouis,2004-01-03,,30.0,2003-2004,186
StLouis,2004-01-04,,30.0,2003-2004,187
StLouis,2004-01-05,,36.0,2003-2004,188
StLouis,2004-01-06,,36.0,2003-2004,189
StLouis,2004-01-07,,42.0,2003-2004,190
StLouis,2004-01-08,,42.0,2003-2004,191
StLouis,2004-01-09,,42.0,2003-2004,192
StLouis,2004-01-10,,42.0,2003-2004,193
StLouis,2004-01-11,,48.0,2003-2004,194
StLouis,2004-01-12,,48.0,2003-2004,195
StLouis,2004-01-13,,48.0,2003-2004,196
StLouis,2004-01-14,,48.0,2003-2004,197
StLouis,2004-01-15,,48.0,2003-2004,198
StLouis,2004-01-16,,48.0,2003-2004,199
StLouis,2004-01-17,,48.0,2003-2004,200
StLouis,2004-01-18,,48.0,2003-2004,201
StLouis,2004-01-19,,48.0,2003-2004,202
StLouis,2004-01-20,,48.0,2003-2004,203
StLouis,2004-01-21,,48.0,2003-2004,204
StLouis,2004-01-22,,48.0,2003-2004,205
StLouis,2004-01-23,,60.0,2003-2004,206
StLouis,2004-01-24,,60.0,2003-2004,207
StLouis,2004-01-25,,60.0,2003-2004,208
StLouis,2004-01-26,,60.0,2003-2004,209
StLouis,2004-01-27,,60.0,2003-2004,210
StLouis,2004-01-28,,60.0,2003-2004,211
StLouis,2004-01-29,,60.0,2003-2004,212
StLouis,2004-01-30,,60.0,2003-2004,213
StLouis,2004-01-31,,60.0,2003-2004,214
StLouis,2004-02-01,,60.0,2003-2004,215
StLouis,2004-02-02,,60.0,2003-2004,216
StLouis,2004-02-03,,60.0,2003-2004,217
StLouis,2004-02-04,,60.0,2003-2004,218
StLouis,2004-02-05,,60.0,2003-2004,219
StLouis,2004-02-06,,60.0,2003-2004,220
StLouis,2004-02-07,,60.0,2003-2004,221
StLouis,2004-02-08,,60.0,2003-2004,222
StLouis,2004-02-09,,60.0,2003-2004,223
StLouis,2004-02-10,,60.0,2003-2004,224
StLouis,2004-02-11,,60.0,2003-2004,225
StLouis,2004-02-12,,60.0,2003-2004,226
StLouis,2004-02-13,,60.0,2003-2004,227
StLouis,2004-02-14,,60.0,2003-2004,228
StLouis,2004-02-15,,60.0,2003-2004,229
StLouis,2004-02-16,,60.0,2003-2004,230
StLouis,2004-02-17,,72.0,2003-2004,231
StLouis,2004-02-18,,72.0,2003-2004,232
StLouis,2004-02-19,,72.0,2003-2004,233
StLouis,2004-02-20,,72.0,2003-2004,234
StLouis,2004-02-21,,72.0,2003-2004,235
StLouis,2004-02-22,,72.0,2003-2004,236
StLouis,2004-02-23,,72.0,2003-2004,237
StLouis,2004-02-24,6.0,72.0,2003-2004,238
StLouis,2004-02-25,6.0,72.0,2003-2004,239
StLouis,2004-02-26,10.0,72.0,2003-2004,240
StLouis,2004-02-27,10.0,72.0,2003-2004,241
StLouis,2004-02-28,12.0,72.0,2003-2004,242
StLouis,2004-02-29,15.0,72.0,2003-2004,243
StLouis,2004-03-01,15.0,72.0,2003-2004,244
StLouis,2004-03-02,15.0,72.0,2003-2004,245
StLouis,2004-03-03,15.0,72.0,2003-2004,246
StLouis,2004-03-04,15.0,72.0,2003-2004,247
StLouis,2004-03-05,15.0,72.0,2003-2004,248
StLouis,2004-03-06,15.0,72.0,2003-2004,249
StLouis,2004-03-07,15.0,72.0,2003-2004,250
StLouis,2004-03-08,15.0,72.0,2003-2004,251
StLouis,2004-03-09,15.0,72.0,2003-2004,252
StLouis,2004-03-10,15.0,72.0,2003-2004,253
StLouis,2004-03-11,15.0,72.0,2003-2004,254
StLouis,2004-03-12,15.0,72.0,2003-2004,255
StLouis,2004-03-13,15.0,72.0,2003-2004,256
StLouis,2004-03-14,15.0,72.0,2003-2004,257
StLouis,2004-03-15,15.0,72.0,2003-2004,258
StLouis,2004-03-16,15.0,72.0,2003-2004,259
StLouis,2004-03-17,15.0,72.0,2003-2004,260
StLouis,2004-03-18,15.0,72.0,2003-2004,261
StLouis,2004-03-19,15.0,72.0,2003-2004,262
StLouis,2004-03-20,15.0,72.0,2003-2004,263
StLouis,2004-03-21,15.0,72.0,2003-2004,264
StLouis,2004-03-22,15.0,72.0,2003-2004,265
StLouis,2004-03-23,15.0,72.0,2003-2004,266
StLouis,2004-03-24,15.0,60.0,2003-2004,267
StLouis,2004-03-25,15.0,60.0,2003-2004,268
StLouis,2004-03-26,15.0,60.0,2003-2004,269
StLouis,2004-03-27,18.0,60.0,2003-2004,270
StLouis,2004-03-28,24.0,60.0,2003-2004,271
StLouis,2004-03-29,24.0,60.0,2003-2004,272
StLouis,2004-03-30,24.0,60.0,2003-2004,273
StLouis,2004-03-31,24.0,60.0,2003-2004,274
StLouis,2004-04-01,30.0,60.0,2003-2004,275
StLouis,2004-04-02,30.0,60.0,2003-2004,276
StLouis,2004-04-03,36.0,60.0,2003-2004,277
StLouis,2004-04-04,36.0,60.0,2003-2004,278
StLouis,2004-04-05,41.0,60.0,2003-2004,279
StLouis,2004-04-06,41.0,60.0,2003-2004,280
StLouis,2004-04-07,41.0,60.0,2003-2004,281
StLouis,2004-04-08,48.0,60.0,2003-2004,282
StLouis,2004-04-09,54.0,60.0,2003-2004,283
StLouis,2004-04-10,60.0,60.0,2003-2004,284
StLouis,2004-11-28,,6.0,2004-2005,150
StLouis,2004-11-29,,6.0,2004-2005,151
StLouis,2004-11-30,,6.0,2004-2005,152
StLouis,2004-12-01,,8.0,2004-2005,153
StLouis,2004-12-02,,10.0,2004-2005,154
StLouis,2004-12-03,,16.0,2004-2005,155
StLouis,2004-12-04,,16.0,2004-2005,156
StLouis,2004-12-05,,16.0,2004-2005,157
StLouis,2004-12-06,,16.0,2004-2005,158
StLouis,2004-12-07,,16.0,2004-2005,159
StLouis,2004-12-08,,12.0,2004-2005,160
StLouis,2004-12-09,,12.0,2004-2005,161
StLouis,2004-12-10,,12.0,2004-2005,162
StLouis,2004-12-11,,12.0,2004-2005,163
StLouis,2004-12-12,,12.0,2004-2005,164
StLouis,2004-12-13,,12.0,2004-2005,165
StLouis,2004-12-14,,18.0,2004-2005,166
StLouis,2004-12-15,,24.0,2004-2005,167
StLouis,2004-12-16,,24.0,2004-2005,168
StLouis,2004-12-17,,24.0,2004-2005,169
StLouis,2004-12-18,,24.0,2004-2005,170
StLouis,2004-12-19,,24.0,2004-2005,171
StLouis,2004-12-20,,30.0,2004-2005,172
StLouis,2004-12-21,,30.0,2004-2005,173
StLouis,2004-12-22,,30.0,2004-2005,174
StLouis,2004-12-23,,30.0,2004-2005,175
StLouis,2004-12-24,,36.0,2004-2005,176
StLouis,2004-12-25,,36.0,2004-2005,177
StLouis,2004-12-26,,36.0,2004-2005,178
StLouis,2004-12-27,,36.0,2004-2005,179
StLouis,2004-12-28,,41.0,2004-2005,180
StLouis,2004-12-29,,41.0,2004-2005,181
StLouis,2004-12-30,,41.0,2004-2005,182
StLouis,2004-12-31,,41.0,2004-2005,183
StLouis,2005-01-01,,41.0,2004-2005,184
StLouis,2005-01-02,,41.0,2004-2005,185
StLouis,2005-01-03,,41.0,2004-2005,186
StLouis,2005-01-04,,41.0,2004-2005,187
StLouis,2005-01-05,,41.0,2004-2005,188
StLouis,2005-01-06,,41.0,2004-2005,189
StLouis,2005-01-07,,49.0,2004-2005,190
StLouis,2005-01-08,,49.0,2004-2005,191
StLouis,2005-01-09,,49.0,2004-2005,192
StLouis,2005-01-10,,49.0,2004-2005,193
StLouis,2005-01-11,,49.0,2004-2005,194
StLouis,2005-01-12,,49.0,2004-2005,195
StLouis,2005-01-13,,49.0,2004-2005,196
StLouis,2005-01-14,,49.0,2004-2005,197
StLouis,2005-01-15,,49.0,2004-2005,198
StLouis,2005-01-16,,49.0,2004-2005,199
StLouis,2005-01-17,,49.0,2004-2005,200
StLouis,2005-01-18,,49.0,2004-2005,201
StLouis,2005-01-19,,61.0,2004-2005,202
StLouis,2005-01-20,,61.0,2004-2005,203
StLouis,2005-01-21,,61.0,2004-2005,204
StLouis,2005-01-22,,61.0,2004-2005,205
StLouis,2005-01-23,,61.0,2004-2005,206
StLouis,2005-01-24,,61.0,2004-2005,207
StLouis,2005-01-25,,61.0,2004-2005,208
StLouis,2005-01-26,,61.0,2004-2005,209
StLouis,2005-01-27,,61.0,2004-2005,210
StLouis,2005-01-28,,61.0,2004-2005,211
StLouis,2005-01-29,,61.0,2004-2005,212
StLouis,2005-01-30,,61.0,2004-2005,213
StLouis,2005-01-31,,61.0,2004-2005,214
StLouis,2005-02-01,,61.0,2004-2005,215
StLouis,2005-02-02,,61.0,2004-2005,216
StLouis,2005-02-03,,61.0,2004-2005,217
StLouis,2005-02-04,,61.0,2004-2005,218
StLouis,2005-02-05,,61.0,2004-2005,219
StLouis,2005-02-06,,61.0,2004-2005,220
StLouis,2005-02-07,,61.0,2004-2005,221
StLouis,2005-02-08,,61.0,2004-2005,222
StLouis,2005-02-09,,61.0,2004-2005,223
StLouis,2005-02-10,,61.0,2004-2005,224
StLouis,2005-02-11,,61.0,2004-2005,225
StLouis,2005-02-12,,61.0,2004-2005,226
StLouis,2005-02-13,,61.0,2004-2005,227
StLouis,2005-02-14,,61.0,2004-2005,228
StLouis,2005-02-15,,61.0,2004-2005,229
StLouis,2005-02-16,,61.0,2004-2005,230
StLouis,2005-02-17,,61.0,2004-2005,231
StLouis,2005-02-18,,61.0,2004-2005,232
StLouis,2005-02-19,,61.0,2004-2005,233
StLouis,2005-02-20,,61.0,2004-2005,234
StLouis,2005-02-21,,61.0,2004-2005,235
StLouis,2005-02-22,,61.0,2004-2005,236
StLouis,2005-02-23,,61.0,2004-2005,237
StLouis,2005-02-24,,61.0,2004-2005,238
StLouis,2005-02-25,,61.0,2004-2005,239
StLouis,2005-02-26,,61.0,2004-2005,240
StLouis,2005-02-27,,61.0,2004-2005,241
StLouis,2005-02-28,,61.0,2004-2005,242
StLouis,2005-03-01,,61.0,2004-2005,243
StLouis,2005-03-02,,61.0,2004-2005,244
StLouis,2005-03-03,,61.0,2004-2005,245
StLouis,2005-03-04,,61.0,2004-2005,246
StLouis,2005-03-05,6.0,61.0,2004-2005,247
StLouis,2005-03-06,6.0,61.0,2004-2005,248
StLouis,2005-03-07,,61.0,2004-2005,249
StLouis,2005-03-08,,61.0,2004-2005,250
StLouis,2005-03-09,,61.0,2004-2005,251
StLouis,2005-03-10,,61.0,2004-2005,252
StLouis,2005-03-11,,61.0,2004-2005,253
StLouis,2005-03-12,,61.0,2004-2005,254
StLouis,2005-03-13,,61.0,2004-2005,255
StLouis,2005-03-14,,61.0,2004-2005,256
StLouis,2005-03-15,,61.0,2004-2005,257
StLouis,2005-03-16,,61.0,2004-2005,258
StLouis,2005-03-17,,61.0,2004-2005,259
StLouis,2005-03-18,,61.0,2004-2005,260
StLouis,2005-03-19,,61.0,2004-2005,261
StLouis,2005-03-20,,61.0,2004-2005,262
StLouis,2005-03-21,6.0,61.0,2004-2005,263
StLouis,2005-03-22,8.0,61.0,2004-2005,264
StLouis,2005-03-23,12.0,61.0,2004-2005,265
StLouis,2005-03-24,16.0,61.0,2004-2005,266
StLouis,2005-03-25,19.0,61.0,2004-2005,267
StLouis,2005-03-26,24.0,61.0,2004-2005,268
StLouis,2005-03-27,24.0,61.0,2004-2005,269
StLouis,2005-03-28,24.0,61.0,2004-2005,270
StLouis,2005-03-29,24.0,61.0,2004-2005,271
StLouis,2005-03-30,24.0,61.0,2004-2005,272
StLouis,2005-03-31,30.0,61.0,2004-2005,273
StLouis,2005-04-01,30.0,61.0,2004-2005,274
StLouis,2005-04-02,36.0,61.0,2004-2005,275
StLouis,2005-04-03,36.0,61.0,2004-2005,276
StLouis,2005-04-04,36.0,61.0,2004-2005,277
StLouis,2005-04-05,41.0,61.0,2004-2005,278
StLouis,2005-04-06,41.0,61.0,2004-2005,279
StLouis,2005-04-07,41.0,61.0,2004-2005,280
StLouis,2005-04-08,49.0,61.0,2004-2005,281
StLouis,2005-04-09,49.0,61.0,2004-2005,282
StLouis,2005-04-10,49.0,61.0,2004-2005,283
StLouis,2005-04-11,49.0,61.0,2004-2005,284
StLouis,2005-04-12,61.0,61.0,2004-2005,285
StLouis,2005-11-17,,6.0,2005-2006,139
StLouis,2005-11-24,,6.0,2005-2006,146
StLouis,2005-11-25,,6.0,2005-2006,147
StLouis,2005-11-26,,8.0,2005-2006,148
StLouis,2005-11-27,,12.0,2005-2006,149
StLouis,2005-11-28,,15.0,2005-2006,150
StLouis,2005-11-29,,15.0,2005-2006,151
StLouis,2005-11-30,,15.0,2005-2006,152
StLouis,2005-12-01,,15.0,2005-2006,153
StLouis,2005-12-02,,19.0,2005-2006,154
StLouis,2005-12-03,,19.0,2005-2006,155
StLouis,2005-12-04,,24.0,2005-2006,156
StLouis,2005-12-05,,24.0,2005-2006,157
StLouis,2005-12-06,,24.0,2005-2006,158
StLouis,2005-12-07,,24.0,2005-2006,159
StLouis,2005-12-08,,24.0,2005-2006,160
StLouis,2005-12-09,,30.0,2005-2006,161
StLouis,2005-12-10,,30.0,2005-2006,162
StLouis,2005-12-11,,30.0,2005-2006,163
StLouis,2005-12-12,,30.0,2005-2006,164
StLouis,2005-12-13,,30.0,2005-2006,165
StLouis,2005-12-14,,30.0,2005-2006,166
StLouis,2005-12-15,,30.0,2005-2006,167
StLouis,2005-12-16,,30.0,2005-2006,168
StLouis,2005-12-17,,30.0,2005-2006,169
StLouis,2005-12-18,,30.0,2005-2006,170
StLouis,2005-12-19,,30.0,2005-2006,171
StLouis,2005-12-20,,36.0,2005-2006,172
StLouis,2005-12-21,,36.0,2005-2006,173
StLouis,2005-12-22,,36.0,2005-2006,174
StLouis,2005-12-23,,36.0,2005-2006,175
StLouis,2005-12-24,,36.0,2005-2006,176
StLouis,2005-12-25,,36.0,2005-2006,177
StLouis,2005-12-26,,36.0,2005-2006,178
StLouis,2005-12-27,,36.0,2005-2006,179
StLouis,2005-12-28,,36.0,2005-2006,180
StLouis,2005-12-29,,36.0,2005-2006,181
StLouis,2005-12-30,,36.0,2005-2006,182
StLouis,2005-12-31,,36.0,2005-2006,183
StLouis,2006-01-01,,36.0,2005-2006,184
StLouis,2006-01-02,,36.0,2005-2006,185
StLouis,2006-01-03,,36.0,2005-2006,186
StLouis,2006-01-04,,36.0,2005-2006,187
StLouis,2006-01-05,,36.0,2005-2006,188
StLouis,2006-01-06,,36.0,2005-2006,189
StLouis,2006-01-07,,36.0,2005-2006,190
StLouis,2006-01-08,,36.0,2005-2006,191
StLouis,2006-01-09,,36.0,2005-2006,192
StLouis,2006-01-10,,36.0,2005-2006,193
StLouis,2006-01-11,,36.0,2005-2006,194
StLouis,2006-01-12,,36.0,2005-2006,195
StLouis,2006-01-13,,36.0,2005-2006,196
StLouis,2006-01-14,,36.0,2005-2006,197
StLouis,2006-01-15,,36.0,2005-2006,198
StLouis,2006-01-16,,36.0,2005-2006,199
StLouis,2006-01-17,,36.0,2005-2006,200
StLouis,2006-01-18,,36.0,2005-2006,201
StLouis,2006-01-19,,36.0,2005-2006,202
StLouis,2006-01-20,,36.0,2005-2006,203
StLouis,2006-01-21,,36.0,2005-2006,204
StLouis,2006-01-22,,36.0,2005-2006,205
StLouis,2006-01-23,,36.0,2005-2006,206
StLouis,2006-01-24,,36.0,2005-2006,207
StLouis,2006-01-25,,36.0,2005-2006,208
StLouis,2006-01-27,,41.0,2005-2006,210
StLouis,2006-01-28,,41.0,2005-2006,211
StLouis,2006-01-29,,41.0,2005-2006,212
StLouis,2006-01-30,,41.0,2005-2006,213
StLouis,2006-01-31,,41.0,2005-2006,214
StLouis,2006-02-01,,41.0,2005-2006,215
StLouis,2006-02-02,,41.0,2005-2006,216
StLouis,2006-02-03,,41.0,2005-2006,217
StLouis,2006-02-04,,41.0,2005-2006,218
StLouis,2006-02-05,,41.0,2005-2006,219
StLouis,2006-02-06,,41.0,2005-2006,220
StLouis,2006-02-07,,41.0,2005-2006,221
StLouis,2006-02-08,,41.0,2005-2006,222
StLouis,2006-02-09,,41.0,2005-2006,223
StLouis,2006-02-10,,41.0,2005-2006,224
StLouis,2006-02-11,,41.0,2005-2006,225
StLouis,2006-02-12,,49.0,2005-2006,226
StLouis,2006-02-13,,49.0,2005-2006,227
StLouis,2006-02-14,,49.0,2005-2006,228
StLouis,2006-02-15,,49.0,2005-2006,229
StLouis,2006-02-16,,49.0,2005-2006,230
StLouis,2006-02-17,,49.0,2005-2006,231
StLouis,2006-02-18,,49.0,2005-2006,232
StLouis,2006-02-19,,49.0,2005-2006,233
StLouis,2006-02-20,,49.0,2005-2006,234
StLouis,2006-02-21,,49.0,2005-2006,235
StLouis,2006-02-22,,49.0,2005-2006,236
StLouis,2006-02-23,,60.0,2005-2006,237
StLouis,2006-02-24,,60.0,2005-2006,238
StLouis,2006-02-25,,60.0,2005-2006,239
StLouis,2006-02-26,,60.0,2005-2006,240
StLouis,2006-02-27,,60.0,2005-2006,241
StLouis,2006-02-28,,60.0,2005-2006,242
StLouis,2006-03-01,,60.0,2005-2006,243
StLouis,2006-03-02,,60.0,2005-2006,244
StLouis,2006-03-03,,60.0,2005-2006,245
StLouis,2006-03-04,,60.0,2005-2006,246
StLouis,2006-03-05,,60.0,2005-2006,247
StLouis,2006-03-06,,60.0,2005-2006,248
StLouis,2006-03-07,,60.0,2005-2006,249
StLouis,2006-03-08,,60.0,2005-2006,250
StLouis,2006-03-09,6.0,60.0,2005-2006,251
StLouis,2006-03-10,6.0,60.0,2005-2006,252
StLouis,2006-03-11,8.0,60.0,2005-2006,253
StLouis,2006-03-12,8.0,60.0,2005-2006,254
StLouis,2006-03-13,8.0,60.0,2005-2006,255
StLouis,2006-03-14,8.0,60.0,2005-2006,256
StLouis,2006-03-15,8.0,60.0,2005-2006,257
StLouis,2006-03-16,8.0,60.0,2005-2006,258
StLouis,2006-03-17,8.0,60.0,2005-2006,259
StLouis,2006-03-18,12.0,60.0,2005-2006,260
StLouis,2006-03-19,12.0,60.0,2005-2006,261
StLouis,2006-03-20,12.0,60.0,2005-2006,262
StLouis,2006-03-21,12.0,60.0,2005-2006,263
StLouis,2006-03-22,12.0,60.0,2005-2006,264
StLouis,2006-03-23,16.0,60.0,2005-2006,265
StLouis,2006-03-24,16.0,60.0,2005-2006,266
StLouis,2006-03-25,19.0,60.0,2005-2006,267
StLouis,2006-03-26,19.0,60.0,2005-2006,268
StLouis,2006-03-27,24.0,60.0,2005-2006,269
StLouis,2006-03-28,24.0,60.0,2005-2006,270
StLouis,2006-03-29,30.0,60.0,2005-2006,271
StLouis,2006-03-30,30.0,60.0,2005-2006,272
StLouis,2006-03-31,30.0,60.0,2005-2006,273
StLouis,2006-04-01,36.0,60.0,2005-2006,274
StLouis,2006-04-02,41.0,60.0,2005-2006,275
StLouis,2006-04-03,41.0,60.0,2005-2006,276
StLouis,2006-04-04,41.0,60.0,2005-2006,277
StLouis,2006-04-05,41.0,60.0,2005-2006,278
StLouis,2006-04-06,48.0,60.0,2005-2006,279
StLouis,2006-04-07,48.0,48.0,2005-2006,280
StLouis,2006-11-28,,3.0,2006-2007,150
StLouis,2006-11-29,,8.0,2006-2007,151
StLouis,2006-11-30,,10.0,2006-2007,152
StLouis,2006-12-01,,12.0,2006-2007,153
StLouis,2006-12-02,,15.0,2006-2007,154
StLouis,2006-12-03,,18.0,2006-2007,155
StLouis,2006-12-04,,24.0,2006-2007,156
StLouis,2006-12-07,,30.0,2006-2007,159
StLouis,2006-12-27,,34.0,2006-2007,179
StLouis,2007-01-08,,34.0,2006-2007,191
StLouis,2007-01-11,,36.0,2006-2007,194
StLouis,2007-01-16,,41.0,2006-2007,199
StLouis,2007-01-19,,46.0,2006-2007,202
StLouis,2007-01-23,,53.0,2006-2007,206
StLouis,2007-01-25,,56.0,2006-2007,208
StLouis,2007-01-29,,59.0,2006-2007,212
StLouis,2007-01-31,,60.0,2006-2007,214
StLouis,2007-02-02,,63.0,2006-2007,216
StLouis,2007-02-05,,64.0,2006-2007,219
StLouis,2007-02-07,,66.0,2006-2007,221
StLouis,2007-02-09,,69.0,2006-2007,223
StLouis,2007-02-12,,70.0,2006-2007,226
StLouis,2007-02-14,,71.0,2006-2007,228
StLouis,2007-02-16,,71.0,2006-2007,230
StLouis,2007-02-20,,73.0,2006-2007,234
StLouis,2007-02-23,,73.0,2006-2007,237
StLouis,2007-02-26,,73.0,2006-2007,240
StLouis,2007-03-01,,75.0,2006-2007,243
StLouis,2007-03-05,,75.0,2006-2007,247
StLouis,2007-03-07,,75.0,2006-2007,249
StLouis,2007-03-09,0.0,74.0,2006-2007,251
StLouis,2007-03-11,7.0,73.0,2006-2007,253
StLouis,2007-03-12,7.0,72.0,2006-2007,254
StLouis,2007-03-14,18.0,72.0,2006-2007,256
StLouis,2007-03-19,18.0,72.0,2006-2007,261
StLouis,2007-03-22,15.0,73.0,2006-2007,264
StLouis,2007-03-26,21.0,73.0,2006-2007,268
StLouis,2007-03-28,27.0,73.0,2006-2007,270
StLouis,2007-03-30,30.0,73.0,2006-2007,272
StLouis,2007-04-02,36.0,73.0,2006-2007,275
StLouis,2007-04-04,41.0,72.0,2006-2007,277
StLouis,2007-04-08,46.0,72.0,2006-2007,281
StLouis,2007-04-11,47.0,71.0,2006-2007,284
StLouis,2007-04-13,48.0,71.0,2006-2007,286
StLouis,2007-04-15,50.0,68.0,2006-2007,288
StLouis,2007-04-18,52.0,68.0,2006-2007,291
StLouis,2007-04-20,58.0,67.0,2006-2007,293
StLouis,2007-04-23,64.0,64.0,2006-2007,296
StLouis,2007-11-21,,3.0,2007-2008,143
StLouis,2007-11-22,,6.0,2007-2008,144
StLouis,2007-11-23,,8.0,2007-2008,145
StLouis,2007-11-24,,10.0,2007-2008,146
StLouis,2007-11-25,,10.0,2007-2008,147
StLouis,2007-11-26,,10.0,2007-2008,148
StLouis,2007-11-27,,12.0,2007-2008,149
StLouis,2007-11-28,,12.0,2007-2008,150
StLouis,2007-11-29,,15.0,2007-2008,151
StLouis,2007-11-30,,18.0,2007-2008,152
StLouis,2007-12-01,,24.0,2007-2008,153
StLouis,2007-12-02,,24.0,2007-2008,154
StLouis,2007-12-03,,24.0,2007-2008,155
StLouis,2007-12-04,,24.0,2007-2008,156
StLouis,2007-12-05,,27.0,2007-2008,157
StLouis,2007-12-06,,27.0,2007-2008,158
StLouis,2007-12-07,,27.0,2007-2008,159
StLouis,2007-12-08,,30.0,2007-2008,160
StLouis,2007-12-09,,33.0,2007-2008,161
StLouis,2007-12-10,,36.0,2007-2008,162
StLouis,2007-12-11,,36.0,2007-2008,163
StLouis,2007-12-12,,36.0,2007-2008,164
StLouis,2007-12-13,,39.0,2007-2008,165
StLouis,2007-12-14,,39.0,2007-2008,166
StLouis,2007-12-15,,39.0,2007-2008,167
StLouis,2007-12-16,,39.0,2007-2008,168
StLouis,2007-12-17,,39.0,2007-2008,169
StLouis,2007-12-18,,39.0,2007-2008,170
StLouis,2007-12-19,,39.0,2007-2008,171
StLouis,2007-12-20,,39.0,2007-2008,172
StLouis,2007-12-21,,39.0,2007-2008,173
StLouis,2007-12-22,,41.0,2007-2008,174
StLouis,2007-12-23,,41.0,2007-2008,175
StLouis,2007-12-24,,41.0,2007-2008,176
StLouis,2007-12-25,,41.0,2007-2008,177
StLouis,2007-12-26,,41.0,2007-2008,178
StLouis,2007-12-27,,41.0,2007-2008,179
StLouis,2007-12-28,,41.0,2007-2008,180
StLouis,2007-12-29,,41.0,2007-2008,181
StLouis,2007-12-30,,41.0,2007-2008,182
StLouis,2007-12-31,,41.0,2007-2008,183
StLouis,2008-01-01,,45.0,2007-2008,184
StLouis,2008-01-02,,45.0,2007-2008,185
StLouis,2008-01-03,,48.0,2007-2008,186
StLouis,2008-01-04,,48.0,2007-2008,187
StLouis,2008-01-05,,48.0,2007-2008,188
StLouis,2008-01-06,,48.0,2007-2008,189
StLouis,2008-01-07,,48.0,2007-2008,190
StLouis,2008-01-08,,48.0,2007-2008,191
StLouis,2008-01-09,,48.0,2007-2008,192
StLouis,2008-01-10,,48.0,2007-2008,193
StLouis,2008-01-11,,48.0,2007-2008,194
StLouis,2008-01-12,,48.0,2007-2008,195
StLouis,2008-01-13,,48.0,2007-2008,196
StLouis,2008-01-14,,48.0,2007-2008,197
StLouis,2008-01-15,,48.0,2007-2008,198
StLouis,2008-01-16,,48.0,2007-2008,199
StLouis,2008-01-17,,48.0,2007-2008,200
StLouis,2008-01-18,,48.0,2007-2008,201
StLouis,2008-01-19,,48.0,2007-2008,202
StLouis,2008-01-20,,48.0,2007-2008,203
StLouis,2008-01-21,,54.0,2007-2008,204
StLouis,2008-01-22,,54.0,2007-2008,205
StLouis,2008-01-23,,54.0,2007-2008,206
StLouis,2008-01-24,,57.0,2007-2008,207
StLouis,2008-01-25,,57.0,2007-2008,208
StLouis,2008-01-26,,57.0,2007-2008,209
StLouis,2008-01-27,,57.0,2007-2008,210
StLouis,2008-01-28,,57.0,2007-2008,211
StLouis,2008-01-29,,60.0,2007-2008,212
StLouis,2008-01-30,,60.0,2007-2008,213
StLouis,2008-01-31,,60.0,2007-2008,214
StLouis,2008-02-01,,60.0,2007-2008,215
StLouis,2008-02-02,,60.0,2007-2008,216
StLouis,2008-02-03,,60.0,2007-2008,217
StLouis,2008-02-04,,60.0,2007-2008,218
StLouis,2008-02-05,,60.0,2007-2008,219
StLouis,2008-02-06,,60.0,2007-2008,220
StLouis,2008-02-07,,60.0,2007-2008,221
StLouis,2008-02-08,,66.0,2007-2008,222
StLouis,2008-02-09,,66.0,2007-2008,223
StLouis,2008-02-10,,66.0,2007-2008,224
StLouis,2008-02-11,,66.0,2007-2008,225
StLouis,2008-02-12,,66.0,2007-2008,226
StLouis,2008-02-13,,66.0,2007-2008,227
StLouis,2008-02-14,,66.0,2007-2008,228
StLouis,2008-02-15,,66.0,2007-2008,229
StLouis,2008-02-16,,66.0,2007-2008,230
StLouis,2008-02-17,,66.0,2007-2008,231
StLouis,2008-02-18,,69.0,2007-2008,232
StLouis,2008-02-19,,69.0,2007-2008,233
StLouis,2008-02-20,,69.0,2007-2008,234
StLouis,2008-02-21,,69.0,2007-2008,235
StLouis,2008-02-22,,69.0,2007-2008,236
StLouis,2008-02-23,,69.0,2007-2008,237
StLouis,2008-02-24,,69.0,2007-2008,238
StLouis,2008-02-25,,69.0,2007-2008,239
StLouis,2008-02-26,,69.0,2007-2008,240
StLouis,2008-02-27,,69.0,2007-2008,241
StLouis,2008-02-28,,69.0,2007-2008,242
StLouis,2008-02-29,,69.0,2007-2008,243
StLouis,2008-03-01,,69.0,2007-2008,244
StLouis,2008-03-02,,69.0,2007-2008,245
StLouis,2008-03-03,,69.0,2007-2008,246
StLouis,2008-03-04,,69.0,2007-2008,247
StLouis,2008-03-05,,69.0,2007-2008,248
StLouis,2008-03-06,,69.0,2007-2008,249
StLouis,2008-03-07,,72.0,2007-2008,250
StLouis,2008-03-08,,72.0,2007-2008,251
StLouis,2008-03-09,,72.0,2007-2008,252
StLouis,2008-03-10,,72.0,2007-2008,253
StLouis,2008-03-11,,72.0,2007-2008,254
StLouis,2008-03-12,6.0,72.0,2007-2008,255
StLouis,2008-03-13,6.0,72.0,2007-2008,256
StLouis,2008-03-14,6.0,72.0,2007-2008,257
StLouis,2008-03-15,6.0,72.0,2007-2008,258
StLouis,2008-03-16,6.0,72.0,2007-2008,259
StLouis,2008-03-17,6.0,72.0,2007-2008,260
StLouis,2008-03-18,6.0,72.0,2007-2008,261
StLouis,2008-03-19,6.0,72.0,2007-2008,262
StLouis,2008-03-20,6.0,72.0,2007-2008,263
StLouis,2008-03-21,6.0,72.0,2007-2008,264
StLouis,2008-03-22,8.0,72.0,2007-2008,265
StLouis,2008-03-23,8.0,72.0,2007-2008,266
StLouis,2008-03-24,8.0,72.0,2007-2008,267
StLouis,2008-03-25,12.0,72.0,2007-2008,268
StLouis,2008-03-26,12.0,72.0,2007-2008,269
StLouis,2008-03-27,12.0,72.0,2007-2008,270
StLouis,2008-03-28,18.0,72.0,2007-2008,271
StLouis,2008-03-29,18.0,72.0,2007-2008,272
StLouis,2008-03-30,18.0,72.0,2007-2008,273
StLouis,2008-03-31,18.0,72.0,2007-2008,274
StLouis,2008-04-01,18.0,72.0,2007-2008,275
StLouis,2008-04-02,24.0,72.0,2007-2008,276
StLouis,2008-04-03,24.0,72.0,2007-2008,277
StLouis,2008-04-04,24.0,72.0,2007-2008,278
StLouis,2008-04-05,24.0,72.0,2007-2008,279
StLouis,2008-04-06,30.0,72.0,2007-2008,280
StLouis,2008-04-07,30.0,72.0,2007-2008,281
StLouis,2008-04-08,36.0,72.0,2007-2008,282
StLouis,2008-04-09,36.0,72.0,2007-2008,283
StLouis,2008-04-10,36.0,72.0,2007-2008,284
StLouis,2008-04-11,36.0,72.0,2007-2008,285
StLouis,2008-04-12,41.0,72.0,2007-2008,286
StLouis,2008-04-13,41.0,72.0,2007-2008,287
StLouis,2008-04-14,41.0,72.0,2007-2008,288
StLouis,2008-04-15,41.0,72.0,2007-2008,289
StLouis,2008-04-16,41.0,72.0,2007-2008,290
StLouis,2008-04-17,48.0,72.0,2007-2008,291
StLouis,2008-04-18,48.0,72.0,2007-2008,292
StLouis,2008-04-19,48.0,72.0,2007-2008,293
StLouis,2008-04-20,48.0,72.0,2007-2008,294
StLouis,2008-04-21,48.0,68.0,2007-2008,295
StLouis,2008-04-22,48.0,68.0,2007-2008,296
StLouis,2008-04-23,48.0,68.0,2007-2008,297
StLouis,2008-04-24,60.0,68.0,2007-2008,298
StLouis,2008-04-25,60.0,68.0,2007-2008,299
StLouis,2008-04-26,60.0,68.0,2007-2008,300
StLouis,2008-04-27,68.0,68.0,2007-2008,301
StLouis,2008-11-18,,2.0,2008-2009,140
StLouis,2008-11-19,,6.0,2008-2009,141
StLouis,2008-11-25,,8.0,2008-2009,147
StLouis,2008-11-26,,13.0,2008-2009,148
StLouis,2008-12-01,,16.0,2008-2009,153
StLouis,2008-12-02,,19.0,2008-2009,154
StLouis,2008-12-05,,19.0,2008-2009,157
StLouis,2008-12-06,,25.0,2008-2009,158
StLouis,2008-12-08,,31.0,2008-2009,160
StLouis,2008-12-09,,31.0,2008-2009,161
StLouis,2009-02-02,,73.0,2008-2009,216
StLouis,2009-02-03,,73.0,2008-2009,217
StLouis,2009-02-08,,73.0,2008-2009,222
StLouis,2009-02-11,,73.0,2008-2009,225
StLouis,2009-02-17,,73.0,2008-2009,231
StLouis,2009-02-24,,73.0,2008-2009,238
StLouis,2009-02-25,,73.0,2008-2009,239
StLouis,2009-03-03,,73.0,2008-2009,245
StLouis,2009-03-04,,73.0,2008-2009,246
StLouis,2009-03-05,0.0,73.0,2008-2009,247
StLouis,2009-03-06,6.0,73.0,2008-2009,248
StLouis,2009-03-09,3.0,73.0,2008-2009,251
StLouis,2009-03-10,0.0,73.0,2008-2009,252
StLouis,2009-03-11,0.0,73.0,2008-2009,253
StLouis,2009-03-12,0.0,73.0,2008-2009,254
StLouis,2009-03-13,0.0,73.0,2008-2009,255
StLouis,2009-03-14,6.0,73.0,2008-2009,256
StLouis,2009-03-15,8.0,73.0,2008-2009,257
StLouis,2009-03-16,8.0,73.0,2008-2009,258
StLouis,2009-03-17,8.0,73.0,2008-2009,259
StLouis,2009-03-18,8.0,73.0,2008-2009,260
StLouis,2009-03-19,8.0,73.0,2008-2009,261
StLouis,2009-03-20,3.0,73.0,2008-2009,262
StLouis,2009-03-21,8.0,73.0,2008-2009,263
StLouis,2009-03-22,12.0,73.0,2008-2009,264
StLouis,2009-03-23,16.0,73.0,2008-2009,265
StLouis,2009-03-24,19.0,73.0,2008-2009,266
StLouis,2009-03-25,19.0,73.0,2008-2009,267
StLouis,2009-03-26,16.0,73.0,2008-2009,268
StLouis,2009-03-27,13.0,73.0,2008-2009,269
StLouis,2009-03-28,13.0,73.0,2008-2009,270
StLouis,2009-03-29,19.0,73.0,2008-2009,271
StLouis,2009-03-31,19.0,73.0,2008-2009,273
StLouis,2009-04-04,25.0,73.0,2008-2009,277
StLouis,2009-04-10,31.0,73.0,2008-2009,283
StLouis,2009-04-12,37.0,73.0,2008-2009,285
StLouis,2009-04-14,41.0,73.0,2008-2009,287
StLouis,2009-04-17,49.0,73.0,2008-2009,290
StLouis,2009-04-24,61.0,73.0,2008-2009,297
StLouis,2009-04-29,61.0,73.0,2008-2009,302
StLouis,2009-04-30,73.0,73.0,2008-2009,303
StLouis,2009-11-16,,0.0,2009-2010,138
StLouis,2009-11-29,,6.0,2009-2010,151
StLouis,2009-12-03,,8.0,2009-2010,155
StLouis,2009-12-07,,18.0,2009-2010,159
StLouis,2009-12-08,,20.0,2009-2010,160
StLouis,2009-12-09,,24.0,2009-2010,161
StLouis,2009-12-10,,24.0,2009-2010,162
StLouis,2009-12-11,,24.0,2009-2010,163
StLouis,2009-12-14,,37.0,2009-2010,166
StLouis,2009-12-15,,37.0,2009-2010,167
StLouis,2009-12-16,,37.0,2009-2010,168
StLouis,2009-12-17,,41.0,2009-2010,169
StLouis,2009-12-18,,41.0,2009-2010,170
StLouis,2009-12-22,,49.0,2009-2010,174
StLouis,2009-12-23,,49.0,2009-2010,175
StLouis,2009-12-28,,49.0,2009-2010,180
StLouis,2009-12-29,,49.0,2009-2010,181
StLouis,2009-12-31,,49.0,2009-2010,183
StLouis,2010-01-04,,49.0,2009-2010,187
StLouis,2010-01-05,,49.0,2009-2010,188
StLouis,2010-01-06,,49.0,2009-2010,189
StLouis,2010-01-07,,54.0,2009-2010,190
StLouis,2010-01-08,,61.0,2009-2010,191
StLouis,2010-01-10,,61.0,2009-2010,193
StLouis,2010-01-11,,61.0,2009-2010,194
StLouis,2010-01-15,,61.0,2009-2010,198
StLouis,2010-01-19,,61.0,2009-2010,202
StLouis,2010-01-20,,61.0,2009-2010,203
StLouis,2010-01-21,,61.0,2009-2010,204
StLouis,2010-01-22,,61.0,2009-2010,205
StLouis,2010-01-26,,61.0,2009-2010,209
StLouis,2010-01-27,,61.0,2009-2010,210
StLouis,2010-01-28,,61.0,2009-2010,211
StLouis,2010-02-01,,61.0,2009-2010,215
StLouis,2010-02-02,,61.0,2009-2010,216
StLouis,2010-02-03,,61.0,2009-2010,217
StLouis,2010-02-04,,61.0,2009-2010,218
StLouis,2010-02-05,,61.0,2009-2010,219
StLouis,2010-02-08,,73.0,2009-2010,222
StLouis,2010-02-09,,73.0,2009-2010,223
StLouis,2010-02-10,,61.0,2009-2010,224
StLouis,2010-02-12,,61.0,2009-2010,226
StLouis,2010-02-16,,73.0,2009-2010,230
StLouis,2010-02-17,,73.0,2009-2010,231
StLouis,2010-02-18,,73.0,2009-2010,232
StLouis,2010-02-19,,73.0,2009-2010,233
StLouis,2010-02-22,,73.0,2009-2010,236
StLouis,2010-02-23,,73.0,2009-2010,237
StLouis,2010-02-24,,73.0,2009-2010,238
StLouis,2010-02-25,,73.0,2009-2010,239
StLouis,2010-02-26,,73.0,2009-2010,240
StLouis,2010-03-01,,73.0,2009-2010,243
StLouis,2010-03-02,3.0,73.0,2009-2010,244
StLouis,2010-03-03,3.0,73.0,2009-2010,245
StLouis,2010-03-04,3.0,73.0,2009-2010,246
StLouis,2010-03-05,3.0,73.0,2009-2010,247
StLouis,2010-03-08,8.0,73.0,2009-2010,250
StLouis,2010-03-09,16.0,73.0,2009-2010,251
StLouis,2010-03-10,19.0,73.0,2009-2010,252
StLouis,2010-03-11,19.0,73.0,2009-2010,253
StLouis,2010-03-12,19.0,73.0,2009-2010,254
StLouis,2010-03-15,25.0,73.0,2009-2010,257
StLouis,2010-03-16,25.0,73.0,2009-2010,258
StLouis,2010-03-17,31.0,73.0,2009-2010,259
StLouis,2010-03-18,31.0,73.0,2009-2010,260
StLouis,2010-03-19,31.0,73.0,2009-2010,261
StLouis,2010-03-22,31.0,73.0,2009-2010,264
StLouis,2010-03-23,37.0,73.0,2009-2010,265
StLouis,2010-03-24,37.0,73.0,2009-2010,266
StLouis,2010-03-25,37.0,73.0,2009-2010,267
StLouis,2010-03-26,37.0,73.0,2009-2010,268
StLouis,2010-03-29,37.0,73.0,2009-2010,271
StLouis,2010-03-30,41.0,73.0,2009-2010,272
StLouis,2010-03-31,41.0,73.0,2009-2010,273
StLouis,2010-04-01,41.0,73.0,2009-2010,274
StLouis,2010-04-02,49.0,73.0,2009-2010,275
StLouis,2010-04-05,49.0,73.0,2009-2010,278
StLouis,2010-04-06,49.0,73.0,2009-2010,279
StLouis,2010-04-07,49.0,73.0,2009-2010,280
StLouis,2010-04-08,61.0,61.0,2009-2010,281
StLouis,2010-11-16,0.0,0.0,2010-2011,138
StLouis,2010-11-22,0.0,13.0,2010-2011,144
StLouis,2010-11-23,,13.0,2010-2011,145
StLouis,2010-11-26,,19.0,2010-2011,148
StLouis,2010-11-28,,19.0,2010-2011,150
StLouis,2010-11-29,,19.0,2010-2011,151
StLouis,2010-11-30,,19.0,2010-2011,152
StLouis,2010-12-02,,19.0,2010-2011,154
StLouis,2010-12-06,,19.0,2010-2011,158
StLouis,2010-12-07,,25.0,2010-2011,159
StLouis,2010-12-09,,31.0,2010-2011,161
StLouis,2010-12-10,,31.0,2010-2011,162
StLouis,2010-12-13,,37.0,2010-2011,165
StLouis,2010-12-14,,37.0,2010-2011,166
StLouis,2010-12-15,,37.0,2010-2011,167
StLouis,2010-12-16,,41.0,2010-2011,168
StLouis,2010-12-17,,41.0,2010-2011,169
StLouis,2010-12-20,,49.0,2010-2011,172
StLouis,2010-12-21,,49.0,2010-2011,173
StLouis,2010-12-22,,49.0,2010-2011,174
StLouis,2010-12-28,,49.0,2010-2011,180
StLouis,2010-12-29,,49.0,2010-2011,181
StLouis,2010-12-30,,49.0,2010-2011,182
StLouis,2011-01-03,,49.0,2010-2011,186
StLouis,2011-01-04,,49.0,2010-2011,187
StLouis,2011-01-05,,49.0,2010-2011,188
StLouis,2011-01-06,,49.0,2010-2011,189
StLouis,2011-01-07,,49.0,2010-2011,190
StLouis,2011-01-12,,61.0,2010-2011,195
StLouis,2011-01-18,,61.0,2010-2011,201
StLouis,2011-01-19,,61.0,2010-2011,202
StLouis,2011-01-20,,61.0,2010-2011,203
StLouis,2011-01-21,,61.0,2010-2011,204
StLouis,2011-01-24,,61.0,2010-2011,207
StLouis,2011-01-25,,61.0,2010-2011,208
StLouis,2011-01-26,,61.0,2010-2011,209
StLouis,2011-01-27,,61.0,2010-2011,210
StLouis,2011-01-28,,61.0,2010-2011,211
StLouis,2011-02-01,,61.0,2010-2011,215
StLouis,2011-02-02,,61.0,2010-2011,216
StLouis,2011-02-07,,61.0,2010-2011,221
StLouis,2011-02-08,,61.0,2010-2011,222
StLouis,2011-02-09,,61.0,2010-2011,223
StLouis,2011-02-15,0.0,61.0,2010-2011,229
StLouis,2011-02-16,0.0,61.0,2010-2011,230
StLouis,2011-02-17,3.0,61.0,2010-2011,231
StLouis,2011-02-18,6.0,61.0,2010-2011,232
StLouis,2011-02-22,0.0,61.0,2010-2011,236
StLouis,2011-02-23,0.0,61.0,2010-2011,237
StLouis,2011-02-24,0.0,61.0,2010-2011,238
StLouis,2011-02-25,0.0,61.0,2010-2011,239
StLouis,2011-02-28,0.0,61.0,2010-2011,242
StLouis,2011-03-01,0.0,61.0,2010-2011,243
StLouis,2011-03-02,0.0,61.0,2010-2011,244
StLouis,2011-03-03,0.0,61.0,2010-2011,245
StLouis,2011-03-04,,61.0,2010-2011,246
StLouis,2011-03-07,,61.0,2010-2011,249
StLouis,2011-03-08,0.0,61.0,2010-2011,250
StLouis,2011-03-09,3.0,61.0,2010-2011,251
StLouis,2011-03-10,3.0,61.0,2010-2011,252
StLouis,2011-03-14,3.0,61.0,2010-2011,256
StLouis,2011-03-15,6.0,61.0,2010-2011,257
StLouis,2011-03-16,8.0,61.0,2010-2011,258
StLouis,2011-03-17,8.0,61.0,2010-2011,259
StLouis,2011-03-18,8.0,61.0,2010-2011,260
StLouis,2011-03-21,16.0,61.0,2010-2011,263
StLouis,2011-03-22,19.0,61.0,2010-2011,264
StLouis,2011-03-24,19.0,61.0,2010-2011,266
StLouis,2011-03-25,19.0,61.0,2010-2011,267
StLouis,2011-03-28,19.0,61.0,2010-2011,270
StLouis,2011-03-29,19.0,61.0,2010-2011,271
StLouis,2011-03-30,25.0,61.0,2010-2011,272
StLouis,2011-03-31,25.0,61.0,2010-2011,273
StLouis,2011-04-01,25.0,61.0,2010-2011,274
StLouis,2011-04-04,25.0,61.0,2010-2011,277
StLouis,2011-04-05,25.0,61.0,2010-2011,278
StLouis,2011-04-06,25.0,61.0,2010-2011,279
StLouis,2011-04-07,31.0,61.0,2010-2011,280
StLouis,2011-04-08,31.0,61.0,2010-2011,281
StLouis,2011-04-11,41.0,61.0,2010-2011,284
StLouis,2011-04-12,41.0,61.0,2010-2011,285
StLouis,2011-04-13,41.0,61.0,2010-2011,286
StLouis,2011-04-14,41.0,61.0,2010-2011,287
StLouis,2011-04-15,49.0,61.0,2010-2011,288
StLouis,2011-04-18,49.0,61.0,2010-2011,291
StLouis,2011-04-19,49.0,61.0,2010-2011,292
StLouis,2011-04-20,49.0,61.0,2010-2011,293
StLouis,2011-04-21,49.0,61.0,2010-2011,294
StLouis,2011-04-23,61.0,61.0,2010-2011,296
StLouis,2011-11-16,,3.0,2011-2012,138
StLouis,2011-11-17,,6.0,2011-2012,139
StLouis,2011-11-18,,8.0,2011-2012,140
StLouis,2011-11-20,,13.0,2011-2012,142
StLouis,2011-11-22,,16.0,2011-2012,144
StLouis,2011-11-28,,13.0,2011-2012,150
StLouis,2011-11-30,,8.0,2011-2012,152
StLouis,2011-12-02,,16.0,2011-2012,154
StLouis,2011-12-06,,19.0,2011-2012,158
StLouis,2011-12-08,,19.0,2011-2012,160
StLouis,2011-12-09,,19.0,2011-2012,161
StLouis,2011-12-12,,31.0,2011-2012,164
StLouis,2011-12-14,,31.0,2011-2012,166
StLouis,2011-12-15,,31.0,2011-2012,167
StLouis,2011-12-16,,31.0,2011-2012,168
StLouis,2011-12-19,,31.0,2011-2012,171
StLouis,2011-12-20,,31.0,2011-2012,172
StLouis,2011-12-21,,31.0,2011-2012,173
StLouis,2011-12-22,,31.0,2011-2012,174
StLouis,2011-12-27,,37.0,2011-2012,179
StLouis,2011-12-28,,37.0,2011-2012,180
StLouis,2011-12-29,,37.0,2011-2012,181
StLouis,2011-12-30,0.0,37.0,2011-2012,182
StLouis,2012-01-02,,37.0,2011-2012,185
StLouis,2012-01-04,,37.0,2011-2012,187
StLouis,2012-01-05,,41.0,2011-2012,188
StLouis,2012-01-06,,41.0,2011-2012,189
StLouis,2012-01-09,0.0,41.0,2011-2012,192
StLouis,2012-01-10,0.0,41.0,2011-2012,193
StLouis,2012-01-12,0.0,41.0,2011-2012,195
StLouis,2012-01-13,0.0,41.0,2011-2012,196
StLouis,2012-01-17,0.0,49.0,2011-2012,200
StLouis,2012-01-19,,49.0,2011-2012,202
StLouis,2012-01-20,,49.0,2011-2012,203
StLouis,2012-01-23,,49.0,2011-2012,206
StLouis,2012-01-24,,49.0,2011-2012,207
StLouis,2012-01-25,,49.0,2011-2012,208
StLouis,2012-01-26,,49.0,2011-2012,209
StLouis,2012-01-27,,49.0,2011-2012,210
StLouis,2012-01-30,,49.0,2011-2012,213
StLouis,2012-01-31,,49.0,2011-2012,214
StLouis,2012-02-01,0.0,49.0,2011-2012,215
StLouis,2012-02-02,,61.0,2011-2012,216
StLouis,2012-02-03,0.0,61.0,2011-2012,217
StLouis,2012-02-06,0.0,61.0,2011-2012,220
StLouis,2012-02-07,0.0,61.0,2011-2012,221
StLouis,2012-02-08,0.0,61.0,2011-2012,222
StLouis,2012-02-13,0.0,61.0,2011-2012,227
StLouis,2012-02-16,0.0,61.0,2011-2012,230
StLouis,2012-02-21,0.0,61.0,2011-2012,235
StLouis,2012-02-22,0.0,61.0,2011-2012,236
StLouis,2012-02-23,0.0,61.0,2011-2012,237
StLouis,2012-02-27,0.0,61.0,2011-2012,241
StLouis,2012-02-28,0.0,61.0,2011-2012,242
StLouis,2012-02-29,0.0,61.0,2011-2012,243
StLouis,2012-03-01,0.0,61.0,2011-2012,244
StLouis,2012-03-02,3.0,61.0,2011-2012,245
StLouis,2012-03-05,3.0,61.0,2011-2012,248
StLouis,2012-03-06,0.0,61.0,2011-2012,249
StLouis,2012-03-07,6.0,61.0,2011-2012,250
StLouis,2012-03-08,3.0,61.0,2011-2012,251
StLouis,2012-03-09,0.0,61.0,2011-2012,252
StLouis,2012-03-12,8.0,61.0,2011-2012,255
StLouis,2012-03-13,8.0,61.0,2011-2012,256
StLouis,2012-03-14,19.0,61.0,2011-2012,257
StLouis,2012-03-15,19.0,61.0,2011-2012,258
StLouis,2012-03-17,19.0,61.0,2011-2012,260
StLouis,2012-03-19,31.0,61.0,2011-2012,262
StLouis,2012-03-20,37.0,61.0,2011-2012,263
StLouis,2012-03-21,41.0,61.0,2011-2012,264
StLouis,2012-03-23,41.0,41.0,2011-2012,266
StLouis,2012-11-24,,0.0,2012-2013,146
StLouis,2012-11-26,,13.0,2012-2013,148
StLouis,2012-12-10,,19.0,2012-2013,162
StLouis,2012-12-13,,19.0,2012-2013,165
StLouis,2012-12-14,,31.0,2012-2013,166
StLouis,2012-12-17,,19.0,2012-2013,169
StLouis,2012-12-22,,37.0,2012-2013,174
StLouis,2012-12-25,,41.0,2012-2013,177
StLouis,2012-12-31,,49.0,2012-2013,183
StLouis,2013-01-14,,49.0,2012-2013,197
StLouis,2013-01-15,,49.0,2012-2013,198
StLouis,2013-01-16,,49.0,2012-2013,199
StLouis,2013-01-18,,49.0,2012-2013,201
StLouis,2013-02-13,,61.0,2012-2013,227
StLouis,2013-02-15,,61.0,2012-2013,229
StLouis,2013-02-25,,73.0,2012-2013,239
StLouis,2013-02-26,,73.0,2012-2013,240
StLouis,2013-02-27,,73.0,2012-2013,241
StLouis,2013-02-28,3.0,73.0,2012-2013,242
StLouis,2013-03-01,3.0,73.0,2012-2013,243
StLouis,2013-03-04,,73.0,2012-2013,246
StLouis,2013-03-05,3.0,73.0,2012-2013,247
StLouis,2013-03-06,,73.0,2012-2013,248
StLouis,2013-03-08,,73.0,2012-2013,250
StLouis,2013-03-11,0.0,73.0,2012-2013,253
StLouis,2013-03-13,,73.0,2012-2013,255
StLouis,2013-03-14,3.0,73.0,2012-2013,256
StLouis,2013-03-15,3.0,73.0,2012-2013,257
StLouis,2013-03-18,3.0,73.0,2012-2013,260
StLouis,2013-03-19,0.0,73.0,2012-2013,261
StLouis,2013-03-20,0.0,73.0,2012-2013,262
StLouis,2013-03-21,0.0,73.0,2012-2013,263
StLouis,2013-03-22,0.0,73.0,2012-2013,264
StLouis,2013-03-25,3.0,73.0,2012-2013,267
StLouis,2013-03-26,6.0,73.0,2012-2013,268
StLouis,2013-03-27,8.0,73.0,2012-2013,269
StLouis,2013-03-29,16.0,73.0,2012-2013,271
StLouis,2013-04-01,25.0,73.0,2012-2013,274
StLouis,2013-04-02,25.0,73.0,2012-2013,275
StLouis,2013-04-03,19.0,73.0,2012-2013,276
StLouis,2013-04-04,25.0,73.0,2012-2013,277
StLouis,2013-04-05,25.0,61.0,2012-2013,278
StLouis,2013-04-08,25.0,61.0,2012-2013,281
StLouis,2013-04-09,25.0,61.0,2012-2013,282
StLouis,2013-04-10,25.0,61.0,2012-2013,283
StLouis,2013-04-11,25.0,61.0,2012-2013,284
StLouis,2013-04-12,25.0,61.0,2012-2013,285
StLouis,2013-04-15,25.0,61.0,2012-2013,288
StLouis,2013-04-16,31.0,61.0,2012-2013,289
StLouis,2013-04-17,31.0,61.0,2012-2013,290
StLouis,2013-04-22,37.0,61.0,2012-2013,295
StLouis,2013-04-23,37.0,61.0,2012-2013,296
StLouis,2013-04-24,41.0,61.0,2012-2013,297
StLouis,2013-04-25,41.0,61.0,2012-2013,298
StLouis,2013-04-29,49.0,61.0,2012-2013,302
StLouis,2013-04-30,61.0,61.0,2012-2013,303
StLouis,2013-11-21,,0.0,2013-2014,143
StLouis,2013-11-26,,13.0,2013-2014,148
StLouis,2013-11-27,,13.0,2013-2014,149
StLouis,2013-12-02,,19.0,2013-2014,154
StLouis,2013-12-04,,19.0,2013-2014,156
StLouis,2013-12-06,,19.0,2013-2014,158
StLouis,2013-12-09,,19.0,2013-2014,161
StLouis,2013-12-10,,19.0,2013-2014,162
StLouis,2013-12-12,,37.0,2013-2014,164
StLouis,2013-12-13,,41.0,2013-2014,165
StLouis,2013-12-16,,41.0,2013-2014,168
StLouis,2014-01-01,,61.0,2013-2014,184
StLouis,2014-01-15,,73.0,2013-2014,198
StLouis,2014-01-17,,73.0,2013-2014,200
StLouis,2014-01-21,,73.0,2013-2014,204
StLouis,2014-01-22,,73.0,2013-2014,205
StLouis,2014-01-23,,73.0,2013-2014,206
StLouis,2014-01-24,,73.0,2013-2014,207
StLouis,2014-01-27,,73.0,2013-2014,210
StLouis,2014-01-28,,73.0,2013-2014,211
StLouis,2014-01-29,,73.0,2013-2014,212
StLouis,2014-01-30,,73.0,2013-2014,213
StLouis,2014-01-31,,73.0,2013-2014,214
StLouis,2014-02-07,,73.0,2013-2014,221
StLouis,2014-02-10,,85.0,2013-2014,224
StLouis,2014-02-11,,85.0,2013-2014,225
StLouis,2014-02-14,,85.0,2013-2014,228
StLouis,2014-02-18,,85.0,2013-2014,232
StLouis,2014-02-19,,85.0,2013-2014,233
StLouis,2014-02-24,,85.0,2013-2014,238
StLouis,2014-02-25,,85.0,2013-2014,239
StLouis,2014-02-27,,85.0,2013-2014,241
StLouis,2014-03-03,,97.0,2013-2014,245
StLouis,2014-03-04,,97.0,2013-2014,246
StLouis,2014-03-05,,97.0,2013-2014,247
StLouis,2014-03-06,,97.0,2013-2014,248
StLouis,2014-03-07,,97.0,2013-2014,249
StLouis,2014-03-10,3.0,97.0,2013-2014,252
StLouis,2014-03-11,3.0,97.0,2013-2014,253
StLouis,2014-03-12,6.0,97.0,2013-2014,254
StLouis,2014-03-13,6.0,97.0,2013-2014,255
StLouis,2014-03-14,3.0,97.0,2013-2014,256
StLouis,2014-03-17,3.0,97.0,2013-2014,259
StLouis,2014-03-18,3.0,97.0,2013-2014,260
StLouis,2014-03-19,0.0,97.0,2013-2014,261
StLouis,2014-03-20,3.0,97.0,2013-2014,262
StLouis,2014-03-21,3.0,97.0,2013-2014,263
StLouis,2014-03-23,3.0,97.0,2013-2014,265
StLouis,2014-03-25,3.0,97.0,2013-2014,267
StLouis,2014-03-26,3.0,97.0,2013-2014,268
StLouis,2014-03-27,3.0,97.0,2013-2014,269
StLouis,2014-03-28,3.0,97.0,2013-2014,270
StLouis,2014-03-31,6.0,97.0,2013-2014,273
StLouis,2014-04-01,8.0,97.0,2013-2014,274
StLouis,2014-04-02,8.0,97.0,2013-2014,275
StLouis,2014-04-03,3.0,97.0,2013-2014,276
StLouis,2014-04-07,25.0,97.0,2013-2014,280
StLouis,2014-04-08,25.0,97.0,2013-2014,281
StLouis,2014-04-09,25.0,97.0,2013-2014,282
StLouis,2014-04-11,31.0,97.0,2013-2014,284
StLouis,2014-04-14,37.0,97.0,2013-2014,287
StLouis,2014-04-15,37.0,97.0,2013-2014,288
StLouis,2014-04-16,37.0,97.0,2013-2014,289
StLouis,2014-04-17,37.0,97.0,2013-2014,290
StLouis,2014-04-21,37.0,97.0,2013-2014,294
StLouis,2014-04-23,41.0,97.0,2013-2014,296
StLouis,2014-04-25,41.0,97.0,2013-2014,298
StLouis,2014-04-28,49.0,97.0,2013-2014,301
StLouis,2014-04-29,49.0,97.0,2013-2014,302
StLouis,2014-04-30,49.0,85.0,2013-2014,303
StLouis,2014-05-01,49.0,85.0,2013-2014,304
StLouis,2014-05-02,49.0,85.0,2013-2014,305
StLouis,2014-05-05,49.0,85.0,2013-2014,308
StLouis,2014-05-07,49.0,85.0,2013-2014,310
StLouis,2014-05-08,61.0,85.0,2013-2014,311
StLouis,2014-05-09,61.0,85.0,2013-2014,312
StLouis,2014-05-13,73.0,85.0,2013-2014,316
StLouis,2014-05-14,73.0,85.0,2013-2014,317
StLouis,2014-05-19,73.0,85.0,2013-2014,322
StLouis,2014-05-20,73.0,85.0,2013-2014,323
StLouis,2014-05-21,73.0,85.0,2013-2014,324
StLouis,2014-05-22,73.0,85.0,2013-2014,325
StLouis,2014-05-27,85.0,85.0,2013-2014,330
StLouis,2014-11-10,,0.0,2014-2015,132
StLouis,2014-11-12,,6.0,2014-2015,134
StLouis,2014-11-13,,13.0,2014-2015,135
StLouis,2014-11-19,,19.0,2014-2015,141
StLouis,2014-11-24,,25.0,2014-2015,146
StLouis,2014-11-25,,25.0,2014-2015,147
StLouis,2014-12-01,,31.0,2014-2015,153
StLouis,2014-12-02,,31.0,2014-2015,154
StLouis,2014-12-03,,31.0,2014-2015,155
StLouis,2014-12-04,,37.0,2014-2015,156
StLouis,2014-12-05,,37.0,2014-2015,157
StLouis,2014-12-08,,41.0,2014-2015,160
StLouis,2014-12-09,,41.0,2014-2015,161
StLouis,2014-12-12,0.0,41.0,2014-2015,164
StLouis,2014-12-15,3.0,41.0,2014-2015,167
StLouis,2014-12-16,3.0,41.0,2014-2015,168
StLouis,2014-12-17,0.0,41.0,2014-2015,169
StLouis,2014-12-18,,41.0,2014-2015,170
StLouis,2014-12-19,,41.0,2014-2015,171
StLouis,2014-12-22,,41.0,2014-2015,174
StLouis,2014-12-23,,41.0,2014-2015,175
StLouis,2014-12-30,,41.0,2014-2015,182
StLouis,2014-12-31,,41.0,2014-2015,183
StLouis,2015-01-05,,49.0,2014-2015,188
StLouis,2015-01-06,,49.0,2014-2015,189
StLouis,2015-01-07,,49.0,2014-2015,190
StLouis,2015-01-08,,49.0,2014-2015,191
StLouis,2015-01-09,,49.0,2014-2015,192
StLouis,2015-01-12,,61.0,2014-2015,195
StLouis,2015-01-13,,61.0,2014-2015,196
StLouis,2015-01-14,,61.0,2014-2015,197
StLouis,2015-01-15,,61.0,2014-2015,198
StLouis,2015-01-16,,61.0,2014-2015,199
StLouis,2015-01-20,,61.0,2014-2015,203
StLouis,2015-01-21,,61.0,2014-2015,204
StLouis,2015-01-22,,61.0,2014-2015,205
StLouis,2015-01-23,,61.0,2014-2015,206
StLouis,2015-01-26,,61.0,2014-2015,209
StLouis,2015-01-27,0.0,61.0,2014-2015,210
StLouis,2015-01-28,0.0,61.0,2014-2015,211
StLouis,2015-01-30,0.0,61.0,2014-2015,213
StLouis,2015-02-02,0.0,61.0,2014-2015,216
StLouis,2015-02-04,0.0,61.0,2014-2015,218
StLouis,2015-02-05,0.0,61.0,2014-2015,219
StLouis,2015-02-06,,61.0,2014-2015,220
StLouis,2015-02-09,,61.0,2014-2015,223
StLouis,2015-02-10,0.0,61.0,2014-2015,224
StLouis,2015-02-11,0.0,61.0,2014-2015,225
StLouis,2015-02-13,0.0,61.0,2014-2015,227
StLouis,2015-02-17,0.0,61.0,2014-2015,231
StLouis,2015-02-18,0.0,61.0,2014-2015,232
StLouis,2015-02-19,0.0,61.0,2014-2015,233
StLouis,2015-02-20,0.0,61.0,2014-2015,234
StLouis,2015-02-23,0.0,73.0,2014-2015,237
StLouis,2015-02-24,0.0,73.0,2014-2015,238
StLouis,2015-02-26,0.0,73.0,2014-2015,240
StLouis,2015-02-27,0.0,73.0,2014-2015,241
StLouis,2015-03-02,0.0,73.0,2014-2015,244
StLouis,2015-03-03,0.0,73.0,2014-2015,245
StLouis,2015-03-04,0.0,73.0,2014-2015,246
StLouis,2015-03-05,0.0,73.0,2014-2015,247
StLouis,2015-03-06,0.0,73.0,2014-2015,248
StLouis,2015-03-09,3.0,73.0,2014-2015,251
StLouis,2015-03-10,2.0,73.0,2014-2015,252
StLouis,2015-03-12,8.0,73.0,2014-2015,254
StLouis,2015-03-13,8.0,73.0,2014-2015,255
StLouis,2015-03-16,16.0,73.0,2014-2015,258
StLouis,2015-03-17,19.0,73.0,2014-2015,259
StLouis,2015-03-18,19.0,73.0,2014-2015,260
StLouis,2015-03-20,19.0,73.0,2014-2015,262
StLouis,2015-03-23,19.0,73.0,2014-2015,265
StLouis,2015-03-26,25.0,73.0,2014-2015,268
StLouis,2015-03-27,25.0,73.0,2014-2015,269
StLouis,2015-03-30,25.0,73.0,2014-2015,272
StLouis,2015-03-31,25.0,73.0,2014-2015,273
StLouis,2015-04-01,25.0,73.0,2014-2015,274
StLouis,2015-04-02,31.0,73.0,2014-2015,275
StLouis,2015-04-06,37.0,61.0,2014-2015,279
StLouis,2015-04-07,37.0,61.0,2014-2015,280
StLouis,2015-04-08,37.0,61.0,2014-2015,281
StLouis,2015-04-09,37.0,61.0,2014-2015,282
StLouis,2015-04-10,41.0,61.0,2014-2015,283
StLouis,2015-04-13,41.0,61.0,2014-2015,286
StLouis,2015-04-14,41.0,61.0,2014-2015,287
StLouis,2015-04-15,49.0,61.0,2014-2015,288
StLouis,2015-04-16,49.0,61.0,2014-2015,289
StLouis,2015-04-17,49.0,61.0,2014-2015,290
StLouis,2015-04-20,61.0,61.0,2014-2015,293
StLouis,2015-11-19,0.0,0.0,2015-2016,141
StLouis,2015-11-20,0.0,6.0,2015-2016,142
StLouis,2015-11-30,0.0,13.0,2015-2016,152
StLouis,2015-12-02,0.0,16.0,2015-2016,154
StLouis,2015-12-03,0.0,16.0,2015-2016,155
StLouis,2015-12-07,0.0,13.0,2015-2016,159
StLouis,2015-12-11,3.0,13.0,2015-2016,163
StLouis,2015-12-14,0.0,6.0,2015-2016,166
StLouis,2015-12-16,0.0,6.0,2015-2016,168
StLouis,2015-12-17,0.0,8.0,2015-2016,169
StLouis,2015-12-18,0.0,8.0,2015-2016,170
StLouis,2015-12-21,0.0,16.0,2015-2016,173
StLouis,2015-12-22,0.0,19.0,2015-2016,174
StLouis,2015-12-28,0.0,19.0,2015-2016,180
StLouis,2015-12-29,0.0,25.0,2015-2016,181
StLouis,2015-12-30,0.0,25.0,2015-2016,182
StLouis,2015-12-31,0.0,31.0,2015-2016,183
StLouis,2016-01-02,0.0,37.0,2015-2016,185
StLouis,2016-01-04,0.0,37.0,2015-2016,187
StLouis,2016-01-05,0.0,37.0,2015-2016,188
StLouis,2016-01-06,0.0,37.0,2015-2016,189
StLouis,2016-01-07,0.0,37.0,2015-2016,190
StLouis,2016-01-08,0.0,37.0,2015-2016,191
StLouis,2016-01-11,0.0,37.0,2015-2016,194
StLouis,2016-01-12,0.0,37.0,2015-2016,195
StLouis,2016-01-13,0.0,41.0,2015-2016,196
StLouis,2016-01-14,0.0,41.0,2015-2016,197
StLouis,2016-01-15,0.0,41.0,2015-2016,198
StLouis,2016-01-19,0.0,49.0,2015-2016,202
StLouis,2016-01-20,0.0,49.0,2015-2016,203
StLouis,2016-01-21,0.0,49.0,2015-2016,204
StLouis,2016-01-22,0.0,49.0,2015-2016,205
StLouis,2016-01-25,0.0,61.0,2015-2016,208
StLouis,2016-01-26,0.0,61.0,2015-2016,209
StLouis,2016-01-27,0.0,61.0,2015-2016,210
StLouis,2016-01-28,0.0,61.0,2015-2016,211
StLouis,2016-01-29,0.0,61.0,2015-2016,212
StLouis,2016-02-01,0.0,61.0,2015-2016,215
StLouis,2016-02-02,0.0,61.0,2015-2016,216
StLouis,2016-02-03,0.0,61.0,2015-2016,217
StLouis,2016-02-04,0.0,61.0,2015-2016,218
StLouis,2016-02-08,0.0,61.0,2015-2016,222
StLouis,2016-02-09,0.0,61.0,2015-2016,223
StLouis,2016-02-10,0.0,61.0,2015-2016,224
StLouis,2016-02-11,0.0,61.0,2015-2016,225
StLouis,2016-02-16,0.0,61.0,2015-2016,230
StLouis,2016-02-17,0.0,61.0,2015-2016,231
StLouis,2016-02-18,0.0,61.0,2015-2016,232
StLouis,2016-02-19,0.0,61.0,2015-2016,233
StLouis,2016-02-22,0.0,61.0,2015-2016,236
StLouis,2016-02-24,0.0,61.0,2015-2016,238
StLouis,2016-02-25,0.0,61.0,2015-2016,239
StLouis,2016-02-26,0.0,61.0,2015-2016,240
StLouis,2016-02-29,0.0,61.0,2015-2016,243
StLouis,2016-03-01,0.0,61.0,2015-2016,244
StLouis,2016-03-02,0.0,61.0,2015-2016,245
StLouis,2016-03-03,0.0,61.0,2015-2016,246
StLouis,2016-03-04,0.0,61.0,2015-2016,247
StLouis,2016-03-07,2.0,61.0,2015-2016,250
StLouis,2016-03-08,6.0,61.0,2015-2016,251
StLouis,2016-03-09,8.0,61.0,2015-2016,252
StLouis,2016-03-10,8.0,61.0,2015-2016,253
StLouis,2016-03-14,25.0,61.0,2015-2016,257
StLouis,2016-03-15,25.0,61.0,2015-2016,258
StLouis,2016-03-16,25.0,61.0,2015-2016,259
StLouis,2016-03-17,25.0,61.0,2015-2016,260
StLouis,2016-03-18,25.0,61.0,2015-2016,261
StLouis,2016-03-22,25.0,61.0,2015-2016,265
StLouis,2016-03-23,25.0,61.0,2015-2016,266
StLouis,2016-03-28,25.0,61.0,2015-2016,271
StLouis,2016-03-29,37.0,61.0,2015-2016,272
StLouis,2016-03-30,37.0,61.0,2015-2016,273
StLouis,2016-03-31,37.0,61.0,2015-2016,274
StLouis,2016-04-04,61.0,61.0,2015-2016,278
StLouis,2016-11-22,0.0,0.0,2016-2017,144
StLouis,2016-11-28,0.0,0.0,2016-2017,150
StLouis,2016-11-29,0.0,0.0,2016-2017,151
StLouis,2016-12-27,0.0,37.0,2016-2017,179
StLouis,2016-12-28,0.0,37.0,2016-2017,180
StLouis,2016-12-29,0.0,37.0,2016-2017,181
StLouis,2017-01-05,0.0,41.0,2016-2017,188
StLouis,2017-01-08,0.0,41.0,2016-2017,191
StLouis,2017-01-18,0.0,49.0,2016-2017,201
StLouis,2017-01-19,0.0,49.0,2016-2017,202
StLouis,2017-01-24,0.0,49.0,2016-2017,207
StLouis,2017-01-25,0.0,61.0,2016-2017,208
StLouis,2017-01-27,0.0,61.0,2016-2017,210
StLouis,2017-01-30,0.0,49.0,2016-2017,213
StLouis,2017-01-31,0.0,49.0,2016-2017,214
StLouis,2017-02-01,0.0,49.0,2016-2017,215
StLouis,2017-02-05,0.0,49.0,2016-2017,219
StLouis,2017-02-07,0.0,49.0,2016-2017,221
StLouis,2017-02-08,0.0,49.0,2016-2017,222
StLouis,2017-02-09,0.0,49.0,2016-2017,223
StLouis,2017-02-10,0.0,61.0,2016-2017,224
StLouis,2017-02-13,0.0,61.0,2016-2017,227
StLouis,2017-02-14,0.0,61.0,2016-2017,228
StLouis,2017-02-15,0.0,61.0,2016-2017,229
StLouis,2017-02-16,0.0,61.0,2016-2017,230
StLouis,2017-02-17,0.0,61.0,2016-2017,231
StLouis,2017-02-20,6.0,61.0,2016-2017,234
StLouis,2017-02-27,0.0,61.0,2016-2017,241
StLouis,2017-03-01,0.0,61.0,2016-2017,243
StLouis,2017-03-02,0.0,61.0,2016-2017,244
StLouis,2017-03-03,0.0,61.0,2016-2017,245
StLouis,2017-03-06,0.0,49.0,2016-2017,248
StLouis,2017-03-07,0.0,49.0,2016-2017,249
StLouis,2017-03-09,0.0,49.0,2016-2017,251
StLouis,2017-03-13,0.0,49.0,2016-2017,255
StLouis,2017-03-14,0.0,49.0,2016-2017,256
StLouis,2017-03-15,0.0,49.0,2016-2017,257
StLouis,2017-03-16,0.0,49.0,2016-2017,258
StLouis,2017-03-17,0.0,49.0,2016-2017,259
StLouis,2017-03-20,0.0,49.0,2016-2017,262
StLouis,2017-03-22,8.0,49.0,2016-2017,264
StLouis,2017-03-23,8.0,49.0,2016-2017,265
StLouis,2017-03-24,8.0,49.0,2016-2017,266
StLouis,2017-03-28,19.0,49.0,2016-2017,270
StLouis,2017-03-30,25.0,49.0,2016-2017,272
StLouis,2017-03-31,25.0,49.0,2016-2017,273
StLouis,2017-04-03,41.0,41.0,2016-2017,276
StLouis,2017-11-11,0.0,0.0,2017-2018,133
StLouis,2017-11-13,0.0,13.0,2017-2018,135
StLouis,2017-11-14,0.0,13.0,2017-2018,136
StLouis,2017-11-16,0.0,13.0,2017-2018,138
StLouis,2017-11-17,0.0,13.0,2017-2018,139
StLouis,2017-11-21,0.0,13.0,2017-2018,143
StLouis,2017-11-27,0.0,16.0,2017-2018,149
StLouis,2017-11-28,0.0,16.0,2017-2018,150
StLouis,2017-11-29,0.0,13.0,2017-2018,151
StLouis,2017-12-01,0.0,13.0,2017-2018,153
StLouis,2017-12-04,0.0,13.0,2017-2018,156
StLouis,2017-12-05,0.0,13.0,2017-2018,157
StLouis,2017-12-08,0.0,16.0,2017-2018,160
StLouis,2017-12-11,0.0,19.0,2017-2018,163
StLouis,2017-12-12,0.0,19.0,2017-2018,164
StLouis,2017-12-13,0.0,19.0,2017-2018,165
StLouis,2017-12-14,0.0,19.0,2017-2018,166
StLouis,2017-12-15,0.0,19.0,2017-2018,167
StLouis,2017-12-18,0.0,31.0,2017-2018,170
StLouis,2017-12-19,0.0,31.0,2017-2018,171
StLouis,2017-12-20,0.0,31.0,2017-2018,172
StLouis,2017-12-21,0.0,31.0,2017-2018,173
StLouis,2017-12-22,0.0,31.0,2017-2018,174
StLouis,2017-12-26,0.0,37.0,2017-2018,178
StLouis,2017-12-27,0.0,37.0,2017-2018,179
StLouis,2017-12-28,0.0,37.0,2017-2018,180
StLouis,2018-01-02,0.0,49.0,2017-2018,185
StLouis,2018-01-03,0.0,49.0,2017-2018,186
StLouis,2018-01-05,0.0,49.0,2017-2018,188
StLouis,2018-01-08,0.0,49.0,2017-2018,191
StLouis,2018-01-09,0.0,49.0,2017-2018,192
StLouis,2018-01-10,0.0,49.0,2017-2018,193
StLouis,2018-01-11,0.0,61.0,2017-2018,194
StLouis,2018-01-12,0.0,61.0,2017-2018,195
StLouis,2018-01-18,0.0,61.0,2017-2018,201
StLouis,2018-01-19,0.0,61.0,2017-2018,202
StLouis,2018-01-22,0.0,61.0,2017-2018,205
StLouis,2018-01-23,0.0,61.0,2017-2018,206
StLouis,2018-01-24,0.0,61.0,2017-2018,207
StLouis,2018-01-25,0.0,61.0,2017-2018,208
StLouis,2018-01-26,0.0,61.0,2017-2018,209
StLouis,2018-01-29,0.0,61.0,2017-2018,212
StLouis,2018-01-30,0.0,61.0,2017-2018,213
StLouis,2018-01-31,0.0,61.0,2017-2018,214
StLouis,2018-02-02,0.0,61.0,2017-2018,216
StLouis,2018-02-05,0.0,61.0,2017-2018,219
StLouis,2018-02-06,0.0,61.0,2017-2018,220
StLouis,2018-02-07,0.0,61.0,2017-2018,221
StLouis,2018-02-09,0.0,73.0,2017-2018,223
StLouis,2018-02-12,0.0,73.0,2017-2018,226
StLouis,2018-02-13,0.0,73.0,2017-2018,227
StLouis,2018-02-16,0.0,73.0,2017-2018,230
StLouis,2018-02-20,0.0,73.0,2017-2018,234
StLouis,2018-02-22,0.0,73.0,2017-2018,236
StLouis,2018-02-26,0.0,73.0,2017-2018,240
StLouis,2018-02-27,0.0,73.0,2017-2018,241
StLouis,2018-02-28,0.0,73.0,2017-2018,242
StLouis,2018-03-01,0.0,73.0,2017-2018,243
StLouis,2018-03-02,0.0,73.0,2017-2018,244
StLouis,2018-03-05,0.0,73.0,2017-2018,247
StLouis,2018-03-06,0.0,73.0,2017-2018,248
StLouis,2018-03-07,0.0,73.0,2017-2018,249
StLouis,2018-03-08,0.0,73.0,2017-2018,250
StLouis,2018-03-09,0.0,73.0,2017-2018,251
StLouis,2018-03-12,0.0,73.0,2017-2018,254
StLouis,2018-03-13,0.0,73.0,2017-2018,255
StLouis,2018-03-15,6.0,73.0,2017-2018,257
StLouis,2018-03-16,13.0,73.0,2017-2018,258
StLouis,2018-03-19,16.0,73.0,2017-2018,261
StLouis,2018-03-20,16.0,73.0,2017-2018,262
StLouis,2018-03-21,19.0,73.0,2017-2018,263
StLouis,2018-03-22,19.0,73.0,2017-2018,264
StLouis,2018-03-23,19.0,61.0,2017-2018,265
StLouis,2018-03-26,19.0,61.0,2017-2018,268
StLouis,2018-03-27,19.0,61.0,2017-2018,269
StLouis,2018-03-28,19.0,61.0,2017-2018,270
StLouis,2018-03-29,19.0,61.0,2017-2018,271
StLouis,2018-03-30,19.0,61.0,2017-2018,272
StLouis,2018-04-02,19.0,61.0,2017-2018,275
StLouis,2018-04-03,19.0,61.0,2017-2018,276
StLouis,2018-04-04,19.0,61.0,2017-2018,277
StLouis,2018-04-05,19.0,61.0,2017-2018,278
StLouis,2018-04-06,19.0,61.0,2017-2018,279
StLouis,2018-04-09,19.0,61.0,2017-2018,282
StLouis,2018-04-10,19.0,61.0,2017-2018,283
StLouis,2018-04-11,19.0,61.0,2017-2018,284
StLouis,2018-04-12,31.0,61.0,2017-2018,285
StLouis,2018-04-13,37.0,61.0,2017-2018,286
StLouis,2018-04-16,37.0,61.0,2017-2018,289
StLouis,2018-04-17,41.0,61.0,2017-2018,290
StLouis,2018-04-18,41.0,61.0,2017-2018,291
StLouis,2018-04-19,41.0,61.0,2017-2018,292
StLouis,2018-04-23,49.0,61.0,2017-2018,296
StLouis,2018-04-24,49.0,61.0,2017-2018,297
StLouis,2018-04-25,54.0,54.0,2017-2018,298
StLouis,2018-11-03,0.0,0.0,2018-2019,125
StLouis,2018-11-13,0.0,13.0,2018-2019,135
StLouis,2018-11-14,,13.0,2018-2019,136
StLouis,2018-11-15,0.0,13.0,2018-2019,137
StLouis,2018-11-19,0.0,13.0,2018-2019,141
StLouis,2018-11-20,0.0,16.0,2018-2019,142
StLouis,2018-11-21,0.0,16.0,2018-2019,143
StLouis,2018-11-26,0.0,19.0,2018-2019,148
StLouis,2018-11-27,0.0,19.0,2018-2019,149
StLouis,2018-11-28,0.0,19.0,2018-2019,150
StLouis,2018-11-29,0.0,19.0,2018-2019,151
StLouis,2018-11-30,0.0,19.0,2018-2019,152
StLouis,2018-12-04,0.0,19.0,2018-2019,156
StLouis,2018-12-05,0.0,19.0,2018-2019,157
StLouis,2018-12-06,0.0,19.0,2018-2019,158
StLouis,2018-12-07,0.0,19.0,2018-2019,159
StLouis,2018-12-10,0.0,19.0,2018-2019,162
StLouis,2018-12-11,0.0,31.0,2018-2019,163
StLouis,2018-12-13,0.0,31.0,2018-2019,165
StLouis,2018-12-14,0.0,31.0,2018-2019,166
StLouis,2018-12-17,0.0,31.0,2018-2019,169
StLouis,2018-12-18,0.0,31.0,2018-2019,170
StLouis,2018-12-19,0.0,31.0,2018-2019,171
StLouis,2018-12-20,0.0,31.0,2018-2019,172
StLouis,2018-12-21,0.0,31.0,2018-2019,173
StLouis,2018-12-27,0.0,31.0,2018-2019,179
StLouis,2018-12-28,0.0,37.0,2018-2019,180
StLouis,2018-12-31,0.0,37.0,2018-2019,183
StLouis,2019-01-03,0.0,37.0,2018-2019,186
StLouis,2019-01-04,0.0,37.0,2018-2019,187
StLouis,2019-01-07,0.0,41.0,2018-2019,190
StLouis,2019-01-08,0.0,41.0,2018-2019,191
StLouis,2019-01-09,0.0,41.0,2018-2019,192
StLouis,2019-01-10,0.0,41.0,2018-2019,193
StLouis,2019-01-11,0.0,41.0,2018-2019,194
StLouis,2019-01-14,0.0,41.0,2018-2019,197
StLouis,2019-01-15,0.0,49.0,2018-2019,198
StLouis,2019-01-17,0.0,49.0,2018-2019,200
StLouis,2019-01-22,0.0,49.0,2018-2019,205
StLouis,2019-01-24,0.0,49.0,2018-2019,207
StLouis,2019-01-25,0.0,49.0,2018-2019,208
StLouis,2019-01-28,0.0,49.0,2018-2019,211
StLouis,2019-01-29,0.0,61.0,2018-2019,212
StLouis,2019-01-30,0.0,61.0,2018-2019,213
StLouis,2019-01-31,0.0,61.0,2018-2019,214
StLouis,2019-02-01,0.0,61.0,2018-2019,215
StLouis,2019-02-04,0.0,61.0,2018-2019,218
StLouis,2019-02-05,0.0,61.0,2018-2019,219
StLouis,2019-02-06,0.0,61.0,2018-2019,220
StLouis,2019-02-07,0.0,61.0,2018-2019,221
StLouis,2019-02-08,0.0,61.0,2018-2019,222
StLouis,2019-02-11,0.0,61.0,2018-2019,225
StLouis,2019-02-14,0.0,73.0,2018-2019,228
StLouis,2019-02-15,0.0,73.0,2018-2019,229
StLouis,2019-02-19,0.0,73.0,2018-2019,233
StLouis,2019-02-20,0.0,73.0,2018-2019,234
StLouis,2019-02-25,0.0,73.0,2018-2019,239
StLouis,2019-02-26,0.0,73.0,2018-2019,240
StLouis,2019-02-28,0.0,73.0,2018-2019,242
StLouis,2019-03-01,0.0,73.0,2018-2019,243
StLouis,2019-03-04,0.0,73.0,2018-2019,246
StLouis,2019-03-05,0.0,73.0,2018-2019,247
StLouis,2019-03-06,0.0,73.0,2018-2019,248
StLouis,2019-03-08,0.0,73.0,2018-2019,250
StLouis,2019-03-11,0.0,73.0,2018-2019,253
StLouis,2019-03-12,0.0,73.0,2018-2019,254
StLouis,2019-03-13,0.0,73.0,2018-2019,255
StLouis,2019-03-14,0.0,73.0,2018-2019,256
StLouis,2019-03-15,0.0,73.0,2018-2019,257
StLouis,2019-03-18,0.0,73.0,2018-2019,260
StLouis,2019-03-19,6.0,73.0,2018-2019,261
StLouis,2019-03-20,8.0,73.0,2018-2019,262
StLouis,2019-03-21,8.0,73.0,2018-2019,263
StLouis,2019-03-22,16.0,73.0,2018-2019,264
StLouis,2019-03-25,19.0,73.0,2018-2019,267
StLouis,2019-03-26,19.0,61.0,2018-2019,268
StLouis,2019-03-27,19.0,61.0,2018-2019,269
StLouis,2019-03-28,19.0,61.0,2018-2019,270
StLouis,2019-03-29,19.0,73.0,2018-2019,271
StLouis,2019-04-01,31.0,61.0,2018-2019,274
StLouis,2019-04-02,31.0,61.0,2018-2019,275
StLouis,2019-04-03,31.0,61.0,2018-2019,276
StLouis,2019-04-04,37.0,61.0,2018-2019,277
StLouis,2019-04-05,37.0,61.0,2018-2019,278
StLouis,2019-04-08,37.0,61.0,2018-2019,281
StLouis,2019-04-09,37.0,61.0,2018-2019,282
StLouis,2019-04-10,41.0,61.0,2018-2019,283
StLouis,2019-04-11,49.0,61.0,2018-2019,284
StLouis,2019-04-12,41.0,61.0,2018-2019,285
StLouis,2019-04-15,49.0,61.0,2018-2019,288
StLouis,2019-04-16,49.0,61.0,2018-2019,289
StLouis,2019-04-17,49.0,61.0,2018-2019,290
StLouis,2019-04-18,49.0,61.0,2018-2019,291
StLouis,2019-04-22,49.0,61.0,2018-2019,295
StLouis,2019-04-23,61.0,61.0,2018-2019,296
StLouis,2019-11-06,0.0,0.0,2019-2020,128
StLouis,2019-11-07,0.0,0.0,2019-2020,129
StLouis,2019-11-08,0.0,6.0,2019-2020,130
StLouis,2019-11-12,0.0,8.0,2019-2020,134
StLouis,2019-11-13,0.0,8.0,2019-2020,135
StLouis,2019-11-14,0.0,13.0,2019-2020,136
StLouis,2019-11-15,0.0,16.0,2019-2020,137
StLouis,2019-11-18,0.0,16.0,2019-2020,140
StLouis,2019-11-19,0.0,16.0,2019-2020,141
StLouis,2019-11-20,0.0,16.0,2019-2020,142
StLouis,2019-11-25,0.0,8.0,2019-2020,147
StLouis,2019-11-26,0.0,8.0,2019-2020,148
StLouis,2019-12-02,0.0,8.0,2019-2020,154
StLouis,2019-12-03,0.0,8.0,2019-2020,155
StLouis,2019-12-04,0.0,8.0,2019-2020,156
StLouis,2019-12-06,0.0,8.0,2019-2020,158
StLouis,2019-12-11,0.0,13.0,2019-2020,163
StLouis,2019-12-12,0.0,19.0,2019-2020,164
StLouis,2019-12-13,0.0,19.0,2019-2020,165
StLouis,2019-12-16,0.0,31.0,2019-2020,168
StLouis,2019-12-17,0.0,31.0,2019-2020,169
StLouis,2019-12-18,0.0,31.0,2019-2020,170
StLouis,2019-12-19,0.0,31.0,2019-2020,171
StLouis,2019-12-20,0.0,31.0,2019-2020,172
StLouis,2019-12-21,0.0,31.0,2019-2020,173
StLouis,2019-12-24,0.0,37.0,2019-2020,176
StLouis,2019-12-27,0.0,41.0,2019-2020,179
StLouis,2019-12-30,0.0,41.0,2019-2020,182
StLouis,2019-12-31,0.0,41.0,2019-2020,183
StLouis,2020-01-02,0.0,41.0,2019-2020,185
StLouis,2020-01-24,0.0,49.0,2019-2020,207
StLouis,2020-01-27,0.0,49.0,2019-2020,210
StLouis,2020-01-28,0.0,49.0,2019-2020,211
StLouis,2020-01-29,0.0,49.0,2019-2020,212
StLouis,2020-01-30,0.0,49.0,2019-2020,213
StLouis,2020-02-03,0.0,49.0,2019-2020,217
StLouis,2020-02-04,0.0,49.0,2019-2020,218
StLouis,2020-02-05,0.0,49.0,2019-2020,219
StLouis,2020-02-06,0.0,49.0,2019-2020,220
StLouis,2020-02-07,0.0,49.0,2019-2020,221
StLouis,2020-02-10,0.0,49.0,2019-2020,224
StLouis,2020-02-11,0.0,49.0,2019-2020,225
StLouis,2020-02-12,0.0,49.0,2019-2020,226
StLouis,2020-02-13,0.0,61.0,2019-2020,227
StLouis,2020-02-14,0.0,61.0,2019-2020,228
StLouis,2020-02-18,0.0,61.0,2019-2020,232
StLouis,2020-02-19,0.0,61.0,2019-2020,233
StLouis,2020-02-20,0.0,61.0,2019-2020,234
StLouis,2020-02-24,0.0,61.0,2019-2020,238
StLouis,2020-02-25,0.0,61.0,2019-2020,239
StLouis,2020-02-26,0.0,61.0,2019-2020,240
StLouis,2020-02-28,0.0,61.0,2019-2020,242
StLouis,2020-03-02,0.0,61.0,2019-2020,245
StLouis,2020-03-03,0.0,61.0,2019-2020,246
StLouis,2020-03-04,0.0,61.0,2019-2020,247
StLouis,2020-03-05,0.0,61.0,2019-2020,248
StLouis,2020-03-06,0.0,61.0,2019-2020,249
StLouis,2020-03-07,0.0,61.0,2019-2020,250
StLouis,2020-03-09,8.0,61.0,2019-2020,252
StLouis,2020-03-10,8.0,61.0,2019-2020,253
StLouis,2020-03-11,8.0,61.0,2019-2020,254
StLouis,2020-03-12,8.0,61.0,2019-2020,255
StLouis,2020-03-13,8.0,61.0,2019-2020,256
StLouis,2020-03-16,8.0,61.0,2019-2020,259
StLouis,2020-03-17,13.0,61.0,2019-2020,260
StLouis,2020-03-18,13.0,61.0,2019-2020,261
StLouis,2020-03-23,0.0,61.0,2019-2020,266
StLouis,2020-03-24,16.0,61.0,2019-2020,267
StLouis,2020-03-25,19.0,49.0,2019-2020,268
StLouis,2020-03-30,31.0,49.0,2019-2020,273
StLouis,2020-03-31,31.0,49.0,2019-2020,274
StLouis,2020-04-02,37.0,49.0,2019-2020,276
StLouis,2020-04-04,41.0,49.0,2019-2020,278
StLouis,2020-04-06,49.0,49.0,2019-2020,280
StLouis,2020-11-12,0.0,0.0,2020-2021,134
StLouis,2020-11-16,,0.0,2020-2021,138
StLouis,2020-11-17,,0.0,2020-2021,139
StLouis,2020-11-18,,0.0,2020-2021,140
StLouis,2020-11-20,,0.0,2020-2021,142
StLouis,2020-11-23,,0.0,2020-2021,145
StLouis,2020-11-24,,6.0,2020-2021,146
StLouis,2020-11-25,,0.0,2020-2021,147
StLouis,2020-11-30,,6.0,2020-2021,152
StLouis,2020-12-01,,8.0,2020-2021,153
StLouis,2020-12-03,0.0,8.0,2020-2021,155
StLouis,2020-12-04,0.0,13.0,2020-2021,156
StLouis,2020-12-07,0.0,16.0,2020-2021,159
StLouis,2020-12-08,0.0,16.0,2020-2021,160
StLouis,2020-12-09,0.0,16.0,2020-2021,161
StLouis,2020-12-10,0.0,8.0,2020-2021,162
StLouis,2020-12-11,0.0,13.0,2020-2021,163
StLouis,2020-12-14,0.0,8.0,2020-2021,166
StLouis,2020-12-15,0.0,8.0,2020-2021,167
StLouis,2020-12-16,0.0,16.0,2020-2021,168
StLouis,2020-12-17,0.0,16.0,2020-2021,169
StLouis,2020-12-18,0.0,16.0,2020-2021,170
StLouis,2020-12-21,0.0,16.0,2020-2021,173
StLouis,2020-12-22,0.0,16.0,2020-2021,174
StLouis,2020-12-28,0.0,31.0,2020-2021,180
StLouis,2020-12-29,0.0,31.0,2020-2021,181
StLouis,2020-12-30,0.0,31.0,2020-2021,182
StLouis,2021-01-04,0.0,31.0,2020-2021,187
StLouis,2021-01-05,0.0,31.0,2020-2021,188
StLouis,2021-01-06,0.0,31.0,2020-2021,189
StLouis,2021-01-11,0.0,41.0,2020-2021,194
StLouis,2021-01-12,0.0,41.0,2020-2021,195
StLouis,2021-01-13,0.0,41.0,2020-2021,196
StLouis,2021-01-14,0.0,41.0,2020-2021,197
StLouis,2021-01-15,0.0,41.0,2020-2021,198
StLouis,2021-01-19,0.0,41.0,2020-2021,202
StLouis,2021-01-21,0.0,31.0,2020-2021,204
StLouis,2021-01-22,0.0,41.0,2020-2021,205
StLouis,2021-01-25,0.0,41.0,2020-2021,208
StLouis,2021-01-26,0.0,41.0,2020-2021,209
StLouis,2021-01-27,0.0,41.0,2020-2021,210
StLouis,2021-01-28,0.0,41.0,2020-2021,211
StLouis,2021-01-29,0.0,41.0,2020-2021,212
StLouis,2021-02-01,0.0,49.0,2020-2021,215
StLouis,2021-02-02,0.0,49.0,2020-2021,216
StLouis,2021-02-03,0.0,49.0,2020-2021,217
StLouis,2021-02-04,0.0,49.0,2020-2021,218
StLouis,2021-02-05,0.0,49.0,2020-2021,219
StLouis,2021-02-08,0.0,49.0,2020-2021,222
StLouis,2021-02-09,0.0,49.0,2020-2021,223
StLouis,2021-02-10,0.0,49.0,2020-2021,224
StLouis,2021-02-11,0.0,49.0,2020-2021,225
StLouis,2021-02-12,0.0,49.0,2020-2021,226
StLouis,2021-02-16,0.0,49.0,2020-2021,230
StLouis,2021-02-17,0.0,49.0,2020-2021,231
StLouis,2021-02-18,0.0,61.0,2020-2021,232
StLouis,2021-02-19,0.0,61.0,2020-2021,233
StLouis,2021-02-22,0.0,61.0,2020-2021,236
StLouis,2021-02-23,0.0,61.0,2020-2021,237
StLouis,2021-02-26,0.0,61.0,2020-2021,240
StLouis,2021-03-01,0.0,61.0,2020-2021,243
StLouis,2021-03-02,0.0,61.0,2020-2021,244
StLouis,2021-03-03,0.0,61.0,2020-2021,245
StLouis,2021-03-04,0.0,61.0,2020-2021,246
StLouis,2021-03-05,0.0,61.0,2020-2021,247
StLouis,2021-03-08,0.0,61.0,2020-2021,250
StLouis,2021-03-09,16.0,61.0,2020-2021,251
StLouis,2021-03-10,16.0,61.0,2020-2021,252
StLouis,2021-03-11,16.0,61.0,2020-2021,253
StLouis,2021-03-12,25.0,61.0,2020-2021,254
StLouis,2021-03-15,25.0,61.0,2020-2021,257
StLouis,2021-03-16,25.0,61.0,2020-2021,258
StLouis,2021-03-17,25.0,61.0,2020-2021,259
StLouis,2021-03-18,25.0,61.0,2020-2021,260
StLouis,2021-03-19,25.0,61.0,2020-2021,261
StLouis,2021-03-22,37.0,61.0,2020-2021,264
StLouis,2021-03-23,37.0,61.0,2020-2021,265
StLouis,2021-03-24,37.0,61.0,2020-2021,266
StLouis,2021-03-25,37.0,61.0,2020-2021,267
StLouis,2021-03-26,41.0,61.0,2020-2021,268
StLouis,2021-03-29,41.0,61.0,2020-2021,271
StLouis,2021-03-30,49.0,61.0,2020-2021,272
StLouis,2021-03-31,49.0,61.0,2020-2021,273
StLouis,2021-04-01,61.0,61.0,2020-2021,274
StLouis,2021-12-01,0.0,6.0,2021-2022,153
StLouis,2021-12-12,0.0,16.0,2021-2022,164
StLouis,2022-01-03,0.0,37.0,2021-2022,186
StLouis,2022-01-04,0.0,41.0,2021-2022,187
StLouis,2022-01-05,0.0,41.0,2021-2022,188
StLouis,2022-01-06,0.0,41.0,2021-2022,189
StLouis,2022-01-07,0.0,41.0,2021-2022,190
StLouis,2022-01-10,0.0,49.0,2021-2022,193
StLouis,2022-01-11,0.0,49.0,2021-2022,194
StLouis,2022-01-12,0.0,49.0,2021-2022,195
StLouis,2022-01-13,0.0,49.0,2021-2022,196
StLouis,2022-01-14,0.0,49.0,2021-2022,197
StLouis,2022-01-18,0.0,49.0,2021-2022,201
StLouis,2022-01-19,0.0,49.0,2021-2022,202
StLouis,2022-01-25,0.0,61.0,2021-2022,208
StLouis,2022-01-27,0.0,61.0,2021-2022,210
StLouis,2022-01-28,0.0,61.0,2021-2022,211
StLouis,2022-01-31,0.0,61.0,2021-2022,214
StLouis,2022-02-02,0.0,61.0,2021-2022,216
StLouis,2022-02-03,0.0,61.0,2021-2022,217
StLouis,2022-02-04,0.0,61.0,2021-2022,218
StLouis,2022-02-07,0.0,61.0,2021-2022,221
StLouis,2022-02-08,0.0,61.0,2021-2022,222
StLouis,2022-02-09,0.0,61.0,2021-2022,223
StLouis,2022-02-10,0.0,61.0,2021-2022,224
StLouis,2022-02-11,0.0,61.0,2021-2022,225
StLouis,2022-02-14,0.0,61.0,2021-2022,228
StLouis,2022-02-15,0.0,61.0,2021-2022,229
StLouis,2022-02-16,0.0,61.0,2021-2022,230
StLouis,2022-02-17,0.0,61.0,2021-2022,231
StLouis,2022-02-24,0.0,61.0,2021-2022,238
StLouis,2022-02-25,0.0,73.0,2021-2022,239
StLouis,2022-02-28,0.0,73.0,2021-2022,242
StLouis,2022-03-01,0.0,73.0,2021-2022,243
StLouis,2022-03-02,0.0,73.0,2021-2022,244
StLouis,2022-03-03,0.0,73.0,2021-2022,245
StLouis,2022-03-04,0.0,73.0,2021-2022,246
StLouis,2022-03-08,0.0,73.0,2021-2022,250
StLouis,2022-03-09,0.0,73.0,2021-2022,251
StLouis,2022-03-10,0.0,73.0,2021-2022,252
StLouis,2022-03-14,0.0,73.0,2021-2022,256
StLouis,2022-03-15,0.0,73.0,2021-2022,257
StLouis,2022-03-16,0.0,73.0,2021-2022,258
StLouis,2022-03-17,6.0,73.0,2021-2022,259
StLouis,2022-03-18,8.0,73.0,2021-2022,260
StLouis,2022-03-19,8.0,73.0,2021-2022,261
StLouis,2022-03-20,16.0,73.0,2021-2022,262
StLouis,2022-03-21,19.0,73.0,2021-2022,263
StLouis,2022-03-22,19.0,73.0,2021-2022,264
StLouis,2022-03-24,19.0,73.0,2021-2022,266
StLouis,2022-03-25,19.0,73.0,2021-2022,267
StLouis,2022-03-28,6.0,73.0,2021-2022,270
StLouis,2022-03-29,13.0,73.0,2021-2022,271
StLouis,2022-03-30,16.0,73.0,2021-2022,272
StLouis,2022-03-31,19.0,73.0,2021-2022,273
StLouis,2022-04-01,19.0,73.0,2021-2022,274
StLouis,2022-04-04,19.0,73.0,2021-2022,277
StLouis,2022-04-05,25.0,73.0,2021-2022,278
StLouis,2022-04-06,31.0,73.0,2021-2022,279
StLouis,2022-04-07,31.0,73.0,2021-2022,280
StLouis,2022-04-08,31.0,73.0,2021-2022,281
StLouis,2022-04-12,31.0,73.0,2021-2022,285
StLouis,2022-04-13,37.0,73.0,2021-2022,286
StLouis,2022-04-14,41.0,73.0,2021-2022,287
StLouis,2022-04-15,41.0,73.0,2021-2022,288
StLouis,2022-04-18,41.0,73.0,2021-2022,291
StLouis,2022-04-20,41.0,61.0,2021-2022,293
StLouis,2022-04-21,41.0,61.0,2021-2022,294
StLouis,2022-04-22,49.0,61.0,2021-2022,295
StLouis,2022-04-25,49.0,61.0,2021-2022,298
StLouis,2022-04-28,61.0,61.0,2021-2022,301
